Handle,Title,Body (HTML),Vendor,Product Category,Type,Tags,Published,Option1 Name,Option1 Value,Option1 Linked To,Option2 Name,Option2 Value,Option2 Linked To,Option3 Name,Option3 Value,Option3 Linked To,Variant SKU,Variant Grams,Variant Inventory Tracker,Variant Inventory Qty,Variant Inventory Policy,Variant Fulfillment Service,Variant Price,Variant Compare At Price,Variant Requires Shipping,Variant Taxable,Unit Price Total Measure,Unit Price Total Measure Unit,Unit Price Base Measure,Unit Price Base Measure Unit,Variant Barcode,Image Src,Image Position,Image Alt Text,Gift Card,SEO Title,SEO Description,Google Shopping / Google Product Category,Google Shopping / Gender,Google Shopping / Age Group,Google Shopping / MPN,Google Shopping / Condition,Google Shopping / Custom Product,Google Shopping / Custom Label 0,Google Shopping / Custom Label 1,Google Shopping / Custom Label 2,Google Shopping / Custom Label 3,Google Shopping / Custom Label 4,Dimension (product.metafields.custom.dimension),Finish (product.metafields.custom.finish),Material (product.metafields.custom.material),Google: Custom Product (product.metafields.mm-google-shopping.custom_product),Artwork frame material (product.metafields.shopify.artwork-frame-material),Backrest type (product.metafields.shopify.backrest-type),Bulb cap type (product.metafields.shopify.bulb-cap-type),Color (product.metafields.shopify.color-pattern),Decoration material (product.metafields.shopify.decoration-material),Frame style (product.metafields.shopify.frame-style),Furniture/Fixture features (product.metafields.shopify.furniture-fixture-features),Furniture/Fixture material (product.metafields.shopify.furniture-fixture-material),Light temperature (product.metafields.shopify.light-temperature),Material (product.metafields.shopify.material),Mounting type (product.metafields.shopify.mounting-type),Seat type (product.metafields.shopify.seat-type),Shape (product.metafields.shopify.shape),Style (product.metafields.shopify.style),Theme (product.metafields.shopify.theme),Variant Image,Variant Weight Unit,Variant Tax Code,Cost per item,Status
terra-fold-1,Ear to Wall,"<p>This wall artwork captures the essence of intuitive emotions, offering a profound connection between artist and viewer. Its fluid forms seem to evolve organically, inviting <br>quiet contemplation and reflection. With a strong yet subtle presence, the piece radiates serenity, transforming any space into a meditative environment. Its textured layers, <br>crafted with meticulous care, speak to the inner journey of the artist, bringing depth and meaning to your interior. A quiet masterpiece that resonates with a sense of timeless <br>beauty and introspection.</p>",leidenschaft.in,"Home & Garden > Decor > Artwork > Posters, Prints, & Visual Artwork > Visual Artwork",Artworks,"Artworks, Malleka 2024 II",false,Title,Default Title,,,,,,,,LD-WA-046,65000.0,shopify,100,deny,manual,250000.00,,true,true,,,,,"",https://cdn.shopify.com/s/files/1/0946/4214/3527/files/0V8A0808-Copyil.jpg?v=1758280907,1,"",false,,,,,,,,,,,,,,H: 72 in | W: 48 in | D: 7 in,Smooth Concrete,Engineered Concrete | Engineered Wood | Metal ,,wood,,,beige,,unframed,,,,,,,,,nature; spirituality; art,,kg,,,draft
terra-fold-4,Terra Fold 4,"<p>A collection of four mini artworks, these pieces are reflections of the artist’s intuitive emotions. Though small in scale, each artwork holds a powerful presence, creating <br>a dialogue between them that evolves with time. Their textured surfaces and soft movements offer moments of quiet reflection, while the set, as a whole, invites a playful yet <br>contemplative energy into your space. Perfect for creating a gallery-style arrangement, these mini masterpieces transform even the smallest corner into a haven of <br>thoughtful beauty and artistic evolution.</p>",leidenschaft.in,Home & Garden > Decor > Artwork > Sculptures & Statues,Artworks,"Artworks, Malleka 2024 II",false,Title,Default Title,,,,,,,,LD-WA-044,16000.0,shopify,100,deny,manual,75000.00,,true,true,,,,,"",https://cdn.shopify.com/s/files/1/0946/4214/3527/files/EmptyName29.png?v=1758277926,1,"",false,,,,,,,,,,,,,,H: 15 in | W: 15 in | D: 2 in,Smooth Concrete,Engineered Concrete | Engineered Wood | Metal ,,,,,beige,wood,,,,,,,,,,art; modern; nature; spirituality,,kg,,,draft
terra-fold-2,Terra Fold 2,"<p>This set of two smaller artworks carries the same quiet strength and evolving aesthetic as it's original version. Reflecting the artist’s intuitive emotions, they complement <br>one another in perfect harmony, their subtle movements hinting at transformation. Each piece offers a delicate balance of serenity and depth, making them ideal for smaller <br>spaces that crave a touch of reflection and artistry. Together, they invite viewers into a world of contemplation, where silence speaks volumes, and the art itself <br>seems to breathe.</p>",leidenschaft.in,"Home & Garden > Decor > Artwork > Posters, Prints, & Visual Artwork > Visual Artwork",Artworks,"Artworks, Malleka 2024 II",false,Title,Default Title,,,,,,,,LD-WA-043,43000.0,shopify,100,deny,manual,135000.00,,true,true,,,,,"",https://cdn.shopify.com/s/files/1/0946/4214/3527/files/EmptyName12.png?v=1758276994,1,"",false,,,,,,,,,,,,,,H: 36 in | W: 18 in | D: 3 in,Smooth Concrete,Engineered Concrete | Engineered Wood | Metal ,,wood,,,beige,,framed; modern,,,,,,,,,art; modern; spirituality,,kg,,,draft
balancing-act-sculpture,Balancing Act Sculpture,"<p><meta charset=""utf-8"">Gravity-defying artistry in stone. The Balancing Act Sculpture features a vertical stack of raw stones connected by vibrant terracotta elements, creating a dynamic interplay between rough natural forms and smooth ceramic curves. Each carefully selected stone contributes to the precarious yet stable composition, while the coral-red accents add warmth and visual flow. This striking piece transforms any space into a contemporary gallery.</p>",leidenschaft.in,Home & Garden > Decor > Artwork > Sculptures & Statues,"",Echoes of the earth,true,Title,Default Title,,,,,,,,LD-SC-BA 1,58000.0,shopify,100,deny,manual,180000.00,,true,true,,,,,"",https://cdn.shopify.com/s/files/1/0946/4214/3527/files/27.png?v=1757239628,1,"",false,Buy Balancing Act Sculpture Online in India | Best Balancing Act Sculpture,,,,,,,,,,,,,"Dia 15"" H 57"" ",,Engineered Concrete | Metal ,,,,,white; geometric; red; black,stone; ceramic; metal,,,,,,,,,,art; nature,,kg,,,active
balancing-act-sculpture,,,,,,,,,,,,,,,,,,,,,,,,,,,,,,,,https://cdn.shopify.com/s/files/1/0946/4214/3527/files/20.png?v=1757239628,2,"",,,,,,,,,,,,,,,,,,,,,,,,,,,,,,,,,,,,,,
balancing-act-sculpture,,,,,,,,,,,,,,,,,,,,,,,,,,,,,,,,https://cdn.shopify.com/s/files/1/0946/4214/3527/files/70.png?v=1757239628,3,"",,,,,,,,,,,,,,,,,,,,,,,,,,,,,,,,,,,,,,
balancing-act-sculpture,,,,,,,,,,,,,,,,,,,,,,,,,,,,,,,,https://cdn.shopify.com/s/files/1/0946/4214/3527/files/89.png?v=1757239628,4,"",,,,,,,,,,,,,,,,,,,,,,,,,,,,,,,,,,,,,,
balancing-act-sculpture,,,,,,,,,,,,,,,,,,,,,,,,,,,,,,,,https://cdn.shopify.com/s/files/1/0946/4214/3527/files/209.png?v=1757239628,5,"",,,,,,,,,,,,,,,,,,,,,,,,,,,,,,,,,,,,,,
origin-mirror,Origin Mirror,"<p><meta charset=""utf-8"">Organic flow captured in reflection. The Origin Mirror features a fluid, asymmetrical design where smooth mirror surfaces connect through rough-hewn black stone joints. This artistic piece transforms functional reflection into wall sculpture, with natural stone elements adding textural contrast to the sleek mirror panels. The undulating form creates visual movement while providing practical functionality for entryways, living spaces, or dressing areas.</p>",leidenschaft.in,Home & Garden > Decor > Mirrors,"",Echoes of the earth,true,Title,Default Title,,,,,,,,LD-M-OR 1,19000.0,shopify,99,deny,manual,35000.00,,true,true,,,,,"",https://cdn.shopify.com/s/files/1/0946/4214/3527/files/76.png?v=1757239496,1,"",false,Buy Origin Mirror Online in India | Best Origin Mirror,,,,,,,,,,,,,"L 29"" W 0.7"" H 55.6""",,Engineered Concrete | Metal | Engineered Wood,,,,,gray; white,,,,,,,,,free-form,,,,kg,,,active
origin-mirror,,,,,,,,,,,,,,,,,,,,,,,,,,,,,,,,https://cdn.shopify.com/s/files/1/0946/4214/3527/files/85.png?v=1757239495,2,"",,,,,,,,,,,,,,,,,,,,,,,,,,,,,,,,,,,,,,
origin-mirror,,,,,,,,,,,,,,,,,,,,,,,,,,,,,,,,https://cdn.shopify.com/s/files/1/0946/4214/3527/files/118.png?v=1757239495,3,"",,,,,,,,,,,,,,,,,,,,,,,,,,,,,,,,,,,,,,
origin-mirror,,,,,,,,,,,,,,,,,,,,,,,,,,,,,,,,https://cdn.shopify.com/s/files/1/0946/4214/3527/files/147.png?v=1757239495,4,"",,,,,,,,,,,,,,,,,,,,,,,,,,,,,,,,,,,,,,
slowburn-tealight-holder-i,Slowburn Tealight Holder I,"<p><meta charset=""utf-8"">Sculptural balance in earth and stone. The Slowburn Tealight Holder I showcases a terracotta dish elevated on rough volcanic rock, creating a striking platform for pillar candles or tealights. The contrast between smooth terracotta curves and raw stone texture brings natural drama to any setting. This versatile holder works beautifully solo or grouped with others from the collection, casting warm shadows that dance across surfaces.</p>",leidenschaft.in,Home & Garden > Decor > Home Fragrance Accessories > Candle Holders,"",Echoes of the earth,true,Title,Default Title,,,,,,,,LD-CS-SB 7,600.0,shopify,100,deny,manual,4000.00,,true,true,,,,,"",https://cdn.shopify.com/s/files/1/0946/4214/3527/files/149.png?v=1758686903,1,"",false,Buy Slowburn Tealight Holder I Online in India,"Small enough to disappear into a corner, yet impossible to miss once lit. A whisper of light that turns the air intimate.",,,,,,,,,,,,"L4.5 "" W 4.5""  H 2""",,Engineered Concrete | Metal,,,,,red,,,,,,wood,,,,,,,kg,,,active
slowburn-tealight-holder-i,,,,,,,,,,,,,,,,,,,,,,,,,,,,,,,,https://cdn.shopify.com/s/files/1/0946/4214/3527/files/187.png?v=1758686903,2,"",,,,,,,,,,,,,,,,,,,,,,,,,,,,,,,,,,,,,,
slowburn-tealight-holder-i,,,,,,,,,,,,,,,,,,,,,,,,,,,,,,,,https://cdn.shopify.com/s/files/1/0946/4214/3527/files/221.png?v=1758686903,3,"",,,,,,,,,,,,,,,,,,,,,,,,,,,,,,,,,,,,,,
slowburn-multi-light-holder-iii,Slowburn Multi-Light Holder III,"<p><span data-sheets-root=""1"">A piece of the landscape, carved from permanence, made for ritual.</span></p>",leidenschaft.in,Home & Garden > Decor > Home Fragrance Accessories > Candle Holders,"","Echoes of the earth, Gifting",true,Title,Default Title,,,,,,,,LD-CS3-SB 6,2000.0,shopify,100,deny,manual,9500.00,,true,true,,,,,"",https://cdn.shopify.com/s/files/1/0946/4214/3527/files/153.png?v=1757239240,1,"",false,Buy Slowburn Multi-Light Holder III Online in India,,,,,,,,,,,,,"L 15"" W 5"" H 3.5""",,Engineered Concrete | Metal ,,,,,geometric; red; black,,,,,,ceramic; stone; wood,,,,,,,kg,,,active
slowburn-multi-light-holder-iii,,,,,,,,,,,,,,,,,,,,,,,,,,,,,,,,https://cdn.shopify.com/s/files/1/0946/4214/3527/files/75_135dc342-80a7-4e3d-b8bb-152c74282015.png?v=1757239240,2,"",,,,,,,,,,,,,,,,,,,,,,,,,,,,,,,,,,,,,,
slowburn-multi-light-holder-iii,,,,,,,,,,,,,,,,,,,,,,,,,,,,,,,,https://cdn.shopify.com/s/files/1/0946/4214/3527/files/200_8a538fd4-4d65-4461-9704-b16a37ae3396.png?v=1757239239,3,"",,,,,,,,,,,,,,,,,,,,,,,,,,,,,,,,,,,,,,
slowburn-multi-light-holder-iii,,,,,,,,,,,,,,,,,,,,,,,,,,,,,,,,https://cdn.shopify.com/s/files/1/0946/4214/3527/files/189.png?v=1757239240,4,"",,,,,,,,,,,,,,,,,,,,,,,,,,,,,,,,,,,,,,
slowburn-multi-light-holder-iii,,,,,,,,,,,,,,,,,,,,,,,,,,,,,,,,https://cdn.shopify.com/s/files/1/0946/4214/3527/files/171_aaac116c-7163-4197-bd94-d4c579489562.png?v=1757239239,5,"",,,,,,,,,,,,,,,,,,,,,,,,,,,,,,,,,,,,,,
slowburn-multi-light-holder-iii,,,,,,,,,,,,,,,,,,,,,,,,,,,,,,,,https://cdn.shopify.com/s/files/1/0946/4214/3527/files/172_78e35738-da4a-451a-92bb-e20ed6dcf8ab.png?v=1757239240,6,"",,,,,,,,,,,,,,,,,,,,,,,,,,,,,,,,,,,,,,
slowburn-multi-light-holder-ii,Slowburn Multi-Light Holder II,"<p><span data-sheets-root=""1"">Small, almost secretive, holding a flicker that feels both ancient and personal.</span></p>",leidenschaft.in,Home & Garden > Decor > Home Fragrance Accessories > Candle Holders,"",Echoes of the earth,true,Title,Default Title,,,,,,,,LD-CS-SB 5,950.0,shopify,100,deny,manual,6000.00,,true,true,,,,,"",https://cdn.shopify.com/s/files/1/0946/4214/3527/files/12.png?v=1757239107,1,"",false,Buy Slowburn Multi-Light Holder II Online in India,,,,,,,,,,,,,"L 6.5"" W 4.5"" H 5""",,Engineered Concrete | Metal ,,,,,geometric,,,,,,ceramic; stone,,,,,,,kg,,,active
slowburn-multi-light-holder-ii,,,,,,,,,,,,,,,,,,,,,,,,,,,,,,,,https://cdn.shopify.com/s/files/1/0946/4214/3527/files/Untitled_1024_x_1707_px_1280_x_1707_px.png?v=1758090891,2,"",,,,,,,,,,,,,,,,,,,,,,,,,,,,,,,,,,,,,,
slowburn-multi-light-holder-i,Slowburn Multi-Light Holder I,"<p><span data-sheets-root=""1"">Pieces of earth reshaped to cradle light, not competing with the flame but simply letting it be.</span></p>",leidenschaft.in,Home & Garden > Decor > Home Fragrance Accessories > Candle Holders,"",Echoes of the earth,true,Title,Default Title,,,,,,,,LD-CS-SB 4,1500.0,shopify,100,deny,manual,6500.00,,true,true,,,,,"",https://cdn.shopify.com/s/files/1/0946/4214/3527/files/216.png?v=1757238997,1,"",false,,,,,,,,,,,,,,"L 5.5"" W 4.5"" H 7'",,Engineered Concrete | Metal ,,,,,,,,,,,,,,,,,,kg,,,active
slowburn-multi-light-holder-i,,,,,,,,,,,,,,,,,,,,,,,,,,,,,,,,https://cdn.shopify.com/s/files/1/0946/4214/3527/files/128.png?v=1757238997,2,"",,,,,,,,,,,,,,,,,,,,,,,,,,,,,,,,,,,,,,
slowburn-multi-light-holder-i,,,,,,,,,,,,,,,,,,,,,,,,,,,,,,,,https://cdn.shopify.com/s/files/1/0946/4214/3527/files/35.png?v=1757238997,3,"",,,,,,,,,,,,,,,,,,,,,,,,,,,,,,,,,,,,,,
slowburn-dual-candle-holder,Slowburn Dual Candle Holder,"<p><meta charset=""utf-8"">Raw elegance carved from nature. The Slowburn Dual Candle Holder features jagged black stone formations that cradle two taper candles, creating dramatic ambiance for dining or display. Each piece showcases unique natural striations and textures, making every holder one-of-a-kind. The rough-hewn stone contrasts beautifully with smooth candle lines, bringing organic sophistication to modern interiors. Perfect for intimate dinners or meditative moments.</p>",leidenschaft.in,Home & Garden > Decor > Home Fragrance Accessories > Candle Holders,"",Echoes of the earth,true,Title,Default Title,,,,,,,,LD-CS-SB 3,650.0,shopify,100,deny,manual,7500.00,,true,true,,,,,"",https://cdn.shopify.com/s/files/1/0946/4214/3527/files/105.png?v=1757238898,1,"",false,,,,,,,,,,,,,,"L 2.9"" W 2.6"" H 5.6""",,Engineered Concrete | Metal ,,,,,gray; brown; white,,,,,,stone,,,,,,,kg,,,active
slowburn-dual-candle-holder,,,,,,,,,,,,,,,,,,,,,,,,,,,,,,,,https://cdn.shopify.com/s/files/1/0946/4214/3527/files/9.png?v=1757238898,2,"",,,,,,,,,,,,,,,,,,,,,,,,,,,,,,,,,,,,,,
slowburn-dual-candle-holder,,,,,,,,,,,,,,,,,,,,,,,,,,,,,,,,https://cdn.shopify.com/s/files/1/0946/4214/3527/files/26.png?v=1757238898,3,"",,,,,,,,,,,,,,,,,,,,,,,,,,,,,,,,,,,,,,
slowburn-dual-candle-holder,,,,,,,,,,,,,,,,,,,,,,,,,,,,,,,,https://cdn.shopify.com/s/files/1/0946/4214/3527/files/58.png?v=1757238898,4,"",,,,,,,,,,,,,,,,,,,,,,,,,,,,,,,,,,,,,,
slowburn-dual-candle-holder,,,,,,,,,,,,,,,,,,,,,,,,,,,,,,,,https://cdn.shopify.com/s/files/1/0946/4214/3527/files/77.png?v=1757238898,5,"",,,,,,,,,,,,,,,,,,,,,,,,,,,,,,,,,,,,,,
slowburn-candle-holder-ii,Slowburn Candle Holder II,"<p><span data-sheets-root=""1"">A form that feels weathered, almost tide-worn, holding its flame like an offering, quiet, humble, and eternal.</span></p>",leidenschaft.in,Home & Garden > Decor > Home Fragrance Accessories > Candle Holders,"",Echoes of the earth,true,Title,Default Title,,,,,,,,LD-CS-SB 2,1100.0,shopify,99,deny,manual,6200.00,,true,true,,,,,"",https://cdn.shopify.com/s/files/1/0946/4214/3527/files/68.png?v=1757238762,1,"",false,,,,,,,,,,,,,,"L 4.3"" W 3.9"" H 4.5""",,Engineered Concrete | Metal ,,,,,,,,,,,,,,,,,,kg,,,active
slowburn-candle-holder-ii,,,,,,,,,,,,,,,,,,,,,,,,,,,,,,,,https://cdn.shopify.com/s/files/1/0946/4214/3527/files/53.png?v=1757238762,2,"",,,,,,,,,,,,,,,,,,,,,,,,,,,,,,,,,,,,,,
slowburn-candle-holder-i,Slowburn Candle Holder I,"<p><span data-sheets-root=""1"">Two forms meeting, neither dominant, each giving way to the other, holding a single flame steady.</span></p>",leidenschaft.in,Home & Garden > Decor > Home Fragrance Accessories > Candle Holders,"",Echoes of the earth,true,Title,Default Title,,,,,,,,LD-CS2-SB 1,1930.0,shopify,100,deny,manual,9500.00,,true,true,,,,,"",https://cdn.shopify.com/s/files/1/0946/4214/3527/files/66.png?v=1757238653,1,"",false,,,,,,,,,,,,,,"L 8"" W 5"" H 5"" ",,Engineered Concrete | Metal ,,,,,black; white; gray,,,,,,stone,,,,,,,kg,,,active
slowburn-candle-holder-i,,,,,,,,,,,,,,,,,,,,,,,,,,,,,,,,https://cdn.shopify.com/s/files/1/0946/4214/3527/files/6.png?v=1757238653,2,"",,,,,,,,,,,,,,,,,,,,,,,,,,,,,,,,,,,,,,
slowburn-candle-holder-i,,,,,,,,,,,,,,,,,,,,,,,,,,,,,,,,https://cdn.shopify.com/s/files/1/0946/4214/3527/files/64.png?v=1757238653,3,"",,,,,,,,,,,,,,,,,,,,,,,,,,,,,,,,,,,,,,
slowburn-candle-holder-i,,,,,,,,,,,,,,,,,,,,,,,,,,,,,,,,https://cdn.shopify.com/s/files/1/0946/4214/3527/files/84.png?v=1757238653,4,"",,,,,,,,,,,,,,,,,,,,,,,,,,,,,,,,,,,,,,
slowburn-candle-holder-i,,,,,,,,,,,,,,,,,,,,,,,,,,,,,,,,https://cdn.shopify.com/s/files/1/0946/4214/3527/files/96.png?v=1757238653,5,"",,,,,,,,,,,,,,,,,,,,,,,,,,,,,,,,,,,,,,
slowburn-candle-holder-i,,,,,,,,,,,,,,,,,,,,,,,,,,,,,,,,https://cdn.shopify.com/s/files/1/0946/4214/3527/files/206.png?v=1757238653,6,"",,,,,,,,,,,,,,,,,,,,,,,,,,,,,,,,,,,,,,
slowburn-incense-stick-holder-ii,Slowburn Multi Light Holder,"<p><meta charset=""utf-8"">Sophisticated simplicity in terracotta and stone. The Slowburn Multi Light Holder features an elongated terracotta tray designed for three taper candles, creating graduated heights for dynamic display. A companion piece, a terracotta dish balanced on rough black stone completes the set, ideal for catching wax or holding small objects. Warm earthen tones and contrasting textures bring organic elegance to dining tables, mantels, or quiet corners.</p>",leidenschaft.in,Home & Garden > Decor > Home Fragrance Accessories > Incense Holders,"","Echoes of the earth, Gifting",true,Title,Default Title,,,,,,,,LD-IH-SB 2,1790.0,shopify,100,deny,manual,8500.00,,true,true,,,,,"",https://cdn.shopify.com/s/files/1/0946/4214/3527/files/73.png?v=1757238508,1,"",false,,,,,,,,,,,,,,"L 15"" W 4"" H 3.5"" ",,Engineered Concrete | Metal ,,,,,geometric; black; gray; red,,,,,,stone; ceramic; wood,,,,,,,kg,,,active
slowburn-incense-stick-holder-ii,,,,,,,,,,,,,,,,,,,,,,,,,,,,,,,,https://cdn.shopify.com/s/files/1/0946/4214/3527/files/200.png?v=1757238507,2,"",,,,,,,,,,,,,,,,,,,,,,,,,,,,,,,,,,,,,,
slowburn-incense-stick-holder-ii,,,,,,,,,,,,,,,,,,,,,,,,,,,,,,,,https://cdn.shopify.com/s/files/1/0946/4214/3527/files/172.png?v=1757238507,3,"",,,,,,,,,,,,,,,,,,,,,,,,,,,,,,,,,,,,,,
slowburn-incense-stick-holder-ii,,,,,,,,,,,,,,,,,,,,,,,,,,,,,,,,https://cdn.shopify.com/s/files/1/0946/4214/3527/files/171.png?v=1757238508,4,"",,,,,,,,,,,,,,,,,,,,,,,,,,,,,,,,,,,,,,
slowburn-incense-stick-holder-ii,,,,,,,,,,,,,,,,,,,,,,,,,,,,,,,,https://cdn.shopify.com/s/files/1/0946/4214/3527/files/88.png?v=1757238508,5,"",,,,,,,,,,,,,,,,,,,,,,,,,,,,,,,,,,,,,,
slowburn-incense-stick-holder-ii,,,,,,,,,,,,,,,,,,,,,,,,,,,,,,,,https://cdn.shopify.com/s/files/1/0946/4214/3527/files/75.png?v=1757238507,6,"",,,,,,,,,,,,,,,,,,,,,,,,,,,,,,,,,,,,,,
slowburn-incense-stick-holder-ii,,,,,,,,,,,,,,,,,,,,,,,,,,,,,,,,https://cdn.shopify.com/s/files/1/0946/4214/3527/files/2.png?v=1757238508,7,"",,,,,,,,,,,,,,,,,,,,,,,,,,,,,,,,,,,,,,
slowburn-incense-stick-holder-i,Slowburn Incense Stick Holder I,"<p><span data-sheets-root=""1"">Quiet little altars, holding smoke the way stone holds heat, ephemeral, fleeting, but deeply grounding.</span></p>",leidenschaft.in,Home & Garden > Decor > Home Fragrance Accessories > Incense Holders,"",Echoes of the earth,true,Title,Default Title,,,,,,,,LD-IH-SB 1,1100.0,shopify,100,deny,manual,7500.00,,true,true,,,,,"",https://cdn.shopify.com/s/files/1/0946/4214/3527/files/158.png?v=1757238336,1,"",false,,,,,,,,,,,,,,"L 12"" W 2"" H 3.5""",,Engineered Concrete | Metal ,,,,,black; brown; gray,,,,,,stone; wood,,,,,,,kg,,,active
slowburn-incense-stick-holder-i,,,,,,,,,,,,,,,,,,,,,,,,,,,,,,,,https://cdn.shopify.com/s/files/1/0946/4214/3527/files/5.png?v=1757238338,2,"",,,,,,,,,,,,,,,,,,,,,,,,,,,,,,,,,,,,,,
slowburn-incense-stick-holder-i,,,,,,,,,,,,,,,,,,,,,,,,,,,,,,,,https://cdn.shopify.com/s/files/1/0946/4214/3527/files/22.png?v=1757238336,3,"",,,,,,,,,,,,,,,,,,,,,,,,,,,,,,,,,,,,,,
origin-bench,Origin Bench,"<p><meta charset=""utf-8"">Flowing form meets grounded strength. The Origin Bench features a smooth, curved concrete seat that appears to float between two textured pillars. The seamless arc creates an inviting silhouette, while the raw concrete bases anchor the design with organic texture. This sculptural piece transforms seating into art, perfect for entryways, galleries, or outdoor spaces. Crafted from weather-resistant engineered concrete for lasting beauty.</p>",leidenschaft.in,Furniture > Benches,"",Echoes of the earth,true,Title,Default Title,,,,,,,,LD-BN-OR 1,40000.0,shopify,99,deny,manual,45000.00,,true,true,,,,,"",https://cdn.shopify.com/s/files/1/0946/4214/3527/files/90.png?v=1757238176,1,"",false,,,,,,,,,,,,,,"L 66"" W 16 "" H 19 """,,Engineered Concrete | Engineered Wood ,,,,,beige; brown,,,,wood,,,,,,,,,kg,,,active
origin-bench,,,,,,,,,,,,,,,,,,,,,,,,,,,,,,,,https://cdn.shopify.com/s/files/1/0946/4214/3527/files/24.png?v=1757238177,2,"",,,,,,,,,,,,,,,,,,,,,,,,,,,,,,,,,,,,,,
origin-bench,,,,,,,,,,,,,,,,,,,,,,,,,,,,,,,,https://cdn.shopify.com/s/files/1/0946/4214/3527/files/86.png?v=1757238176,3,"",,,,,,,,,,,,,,,,,,,,,,,,,,,,,,,,,,,,,,
origin-bench,,,,,,,,,,,,,,,,,,,,,,,,,,,,,,,,https://cdn.shopify.com/s/files/1/0946/4214/3527/files/120.png?v=1757238177,4,"",,,,,,,,,,,,,,,,,,,,,,,,,,,,,,,,,,,,,,
origin-bench,,,,,,,,,,,,,,,,,,,,,,,,,,,,,,,,https://cdn.shopify.com/s/files/1/0946/4214/3527/files/169.png?v=1757238176,5,"",,,,,,,,,,,,,,,,,,,,,,,,,,,,,,,,,,,,,,
origin-peg-table-ii,Origin Peg Table II,"<p><meta charset=""utf-8"">Sculptural simplicity defined. The Origin Peg Table II showcases the signature tapered form with a smooth circular top flowing into a textured base. The natural gradient from refined concrete to rough, earthy texture creates visual interest while maintaining functional elegance. This versatile accent piece works beautifully beside sofas, beds, or as a plant stand, bringing organic warmth to contemporary spaces.</p>",leidenschaft.in,Home & Garden > Decor > Vases,"",Echoes of the earth,true,Title,Default Title,,,,,,,,LD-PT-OR 2,10400.0,shopify,100,deny,manual,20000.00,,true,true,,,,,"",https://cdn.shopify.com/s/files/1/0946/4214/3527/files/63.png?v=1757238065,1,"",false,,,,,,,,,,,,,,"Dia 10"" H 25.4""",,Engineered Concrete | Metal | Engineered Wood,,,,,,,,,,,,,,,,,,kg,,,active
origin-peg-table-ii,,,,,,,,,,,,,,,,,,,,,,,,,,,,,,,,https://cdn.shopify.com/s/files/1/0946/4214/3527/files/226.png?v=1757238065,2,"",,,,,,,,,,,,,,,,,,,,,,,,,,,,,,,,,,,,,,
origin-peg-table-i,Origin Peg Table I,"<p><meta charset=""utf-8"">Elegance rises from the earth. The Origin Peg Table I collection features two tapered concrete pedestals at varying heights, each showcasing the signature gradient from smooth tops to richly textured bases. These versatile pieces function beautifully as individual accent tables or grouped together for dynamic display. The natural stone-beige finish and organic texture bring warmth to minimalist interiors while providing practical surfaces for plants, books, or decorative objects.</p>",leidenschaft.in,Home & Garden > Decor > Vases,"",Echoes of the earth,true,Title,Default Title,,,,,,,,LD-PT-OR 1,24000.0,shopify,100,deny,manual,22000.00,,true,true,,,,,"",https://cdn.shopify.com/s/files/1/0946/4214/3527/files/154.png?v=1757237975,1,"",false,,"Elegance rises from the earth. The Origin Peg Table I collection features two tapered concrete pedestals at varying heights, each showcasing the signature gradient from smooth tops to richly textured bases. These versatile pieces function beautifully as individual accent tables or grouped together for dynamic display. The natural stone-beige finish and organic texture bring warmth to minimalist interiors while providing practical surfaces for plants, books, or decorative objects.

The price is for one side table.",,,,,,,,,,,,"Dia 8"" H 21"" 24""",,Engineered Concrete | Engineered Wood ,,,,,,,,,,,,,,,,,,kg,,,active
origin-peg-table-i,,,,,,,,,,,,,,,,,,,,,,,,,,,,,,,,https://cdn.shopify.com/s/files/1/0946/4214/3527/files/157.png?v=1757237975,2,"",,,,,,,,,,,,,,,,,,,,,,,,,,,,,,,,,,,,,,
origin-peg-table-i,,,,,,,,,,,,,,,,,,,,,,,,,,,,,,,,https://cdn.shopify.com/s/files/1/0946/4214/3527/files/44.png?v=1757237976,3,"",,,,,,,,,,,,,,,,,,,,,,,,,,,,,,,,,,,,,,
origin-peg-table-i,,,,,,,,,,,,,,,,,,,,,,,,,,,,,,,,https://cdn.shopify.com/s/files/1/0946/4214/3527/files/38.png?v=1757237976,4,"",,,,,,,,,,,,,,,,,,,,,,,,,,,,,,,,,,,,,,
origin-coffee-table-iii,Origin Coffee Table III,"<p><meta charset=""utf-8"">Striking sculptural design meets everyday durability. The Origin Coffee Table features a textured stone grey concrete base that spirals into a smooth, circular top, creating visual interest from every angle. Crafted from premium engineered concrete, it's built to withstand daily use while maintaining its sophisticated aesthetic. The neutral grey tone complements any décor, making it the perfect centrepiece for modern living spaces.</p>",leidenschaft.in,Furniture > Tables > Accent Tables > Coffee Tables,"",Echoes of the earth,true,Title,Default Title,,,,,,,,LD-CT-OR 3,35000.0,shopify,100,deny,manual,40000.00,,true,true,,,,,"",https://cdn.shopify.com/s/files/1/0946/4214/3527/files/113.png?v=1757237854,1,"",false,,,,,,,,,,,,,,"Dia 36"" H 20""",,Engineered Concrete | Engineered Wood ,,,,,,,,,,,,,,,,,,kg,,,active
origin-coffee-table-iii,,,,,,,,,,,,,,,,,,,,,,,,,,,,,,,,https://cdn.shopify.com/s/files/1/0946/4214/3527/files/174.png?v=1757237856,2,"",,,,,,,,,,,,,,,,,,,,,,,,,,,,,,,,,,,,,,
origin-coffee-table-iii,,,,,,,,,,,,,,,,,,,,,,,,,,,,,,,,https://cdn.shopify.com/s/files/1/0946/4214/3527/files/184.png?v=1757237854,3,"",,,,,,,,,,,,,,,,,,,,,,,,,,,,,,,,,,,,,,
origin-coffee-table-iii,,,,,,,,,,,,,,,,,,,,,,,,,,,,,,,,https://cdn.shopify.com/s/files/1/0946/4214/3527/files/196.png?v=1757237854,4,"",,,,,,,,,,,,,,,,,,,,,,,,,,,,,,,,,,,,,,
origin-coffee-table-iii,,,,,,,,,,,,,,,,,,,,,,,,,,,,,,,,https://cdn.shopify.com/s/files/1/0946/4214/3527/files/217.png?v=1757237854,5,"",,,,,,,,,,,,,,,,,,,,,,,,,,,,,,,,,,,,,,
origin-coffee-table-ii,Origin Coffee Table II,"<p><meta charset=""utf-8"">Architectural balance redefined. The Origin Coffee Table features twin tapered pedestals supporting a generous oval top, creating a striking centrepiece for contemporary living spaces. Each concrete base showcases natural texture gradients, smooth at the top, organically textured below. The elongated surface provides ample space for entertaining while maintaining visual lightness. Handcrafted from durable engineered concrete in warm stone tones.</p>",leidenschaft.in,Furniture > Tables > Accent Tables,"",Echoes of the earth,true,Title,Default Title,,,,,,,,LD-CT-OR 2,25000.0,shopify,99,deny,manual,45000.00,,true,true,,,,,"",https://cdn.shopify.com/s/files/1/0946/4214/3527/files/34.png?v=1757237765,1,"",false,,,,,,,,,,,,,,"L 46.6"" W 24"" H 17.6"" ",,Engineered Concrete | Engineered Wood,,,,,,,,,,,,,,,,,,kg,,,active
origin-coffee-table-ii,,,,,,,,,,,,,,,,,,,,,,,,,,,,,,,,https://cdn.shopify.com/s/files/1/0946/4214/3527/files/98.png?v=1757237764,2,"",,,,,,,,,,,,,,,,,,,,,,,,,,,,,,,,,,,,,,
origin-coffee-table-ii,,,,,,,,,,,,,,,,,,,,,,,,,,,,,,,,https://cdn.shopify.com/s/files/1/0946/4214/3527/files/80.png?v=1757237765,3,"",,,,,,,,,,,,,,,,,,,,,,,,,,,,,,,,,,,,,,
origin-coffee-table-ii,,,,,,,,,,,,,,,,,,,,,,,,,,,,,,,,https://cdn.shopify.com/s/files/1/0946/4214/3527/files/67.png?v=1757237765,4,"",,,,,,,,,,,,,,,,,,,,,,,,,,,,,,,,,,,,,,
origin-coffee-table-ii,,,,,,,,,,,,,,,,,,,,,,,,,,,,,,,,https://cdn.shopify.com/s/files/1/0946/4214/3527/files/33.png?v=1757237765,5,"",,,,,,,,,,,,,,,,,,,,,,,,,,,,,,,,,,,,,,
origin-coffee-table-ii,,,,,,,,,,,,,,,,,,,,,,,,,,,,,,,,https://cdn.shopify.com/s/files/1/0946/4214/3527/files/40.png?v=1757237765,6,"",,,,,,,,,,,,,,,,,,,,,,,,,,,,,,,,,,,,,,
origin-coffee-table-i,Origin Coffee Table I,"<p><meta charset=""utf-8"">Minimalist geometry meets organic texture. The Origin Coffee Table I features a sculptural cylindrical base with an elegantly offset oval top. The design showcases a beautiful gradient from rough, earthy texture at the base to smooth, refined concrete above capturing nature's weathering process in engineered stone. This architectural piece anchors modern spaces with its substantial presence while maintaining visual sophistication. Perfect for contemporary homes seeking functional art.</p>",leidenschaft.in,Furniture > Tables > Accent Tables > Coffee Tables,"",Echoes of the earth,true,Title,Default Title,,,,,,,,LD-CT-OR 1,35000.0,shopify,100,deny,manual,42000.00,,true,true,,,,,"",https://cdn.shopify.com/s/files/1/0946/4214/3527/files/156.png?v=1757237635,1,"",false,,,,,,,,,,,,,,"Dia 30"" H 18"" ",,Engineered Concrete | Engineered Wood,,,,,,,,,,,,,,,,,,kg,,,active
origin-coffee-table-i,,,,,,,,,,,,,,,,,,,,,,,,,,,,,,,,https://cdn.shopify.com/s/files/1/0946/4214/3527/files/104.png?v=1757237634,2,"",,,,,,,,,,,,,,,,,,,,,,,,,,,,,,,,,,,,,,
origin-coffee-table-i,,,,,,,,,,,,,,,,,,,,,,,,,,,,,,,,https://cdn.shopify.com/s/files/1/0946/4214/3527/files/134.png?v=1757237634,3,"",,,,,,,,,,,,,,,,,,,,,,,,,,,,,,,,,,,,,,
origin-coffee-table-i,,,,,,,,,,,,,,,,,,,,,,,,,,,,,,,,https://cdn.shopify.com/s/files/1/0946/4214/3527/files/138.png?v=1757237634,4,"",,,,,,,,,,,,,,,,,,,,,,,,,,,,,,,,,,,,,,
origin-coffee-table-i,,,,,,,,,,,,,,,,,,,,,,,,,,,,,,,,https://cdn.shopify.com/s/files/1/0946/4214/3527/files/145.png?v=1757237634,5,"",,,,,,,,,,,,,,,,,,,,,,,,,,,,,,,,,,,,,,
origin-coffee-table-i,,,,,,,,,,,,,,,,,,,,,,,,,,,,,,,,https://cdn.shopify.com/s/files/1/0946/4214/3527/files/197.png?v=1757237634,6,"",,,,,,,,,,,,,,,,,,,,,,,,,,,,,,,,,,,,,,
origin-coffee-table-i,,,,,,,,,,,,,,,,,,,,,,,,,,,,,,,,https://cdn.shopify.com/s/files/1/0946/4214/3527/files/8.png?v=1757237634,7,"",,,,,,,,,,,,,,,,,,,,,,,,,,,,,,,,,,,,,,
set-in-stone-table,Set in Stone Table,"<p><meta charset=""utf-8"">Bold design meets natural beauty. The Set in Stone Table features a striking terracotta-finished top balanced on a raw stone base, creating an artistic statement piece that's surprisingly functional. <br>The warm rust-red surface contrasts beautifully with the rough-hewn foundation, bringing organic texture and colour to modern interiors. Handcrafted from durable materials, this sculptural accent table adds personality to any room while providing practical surface space.</p>",leidenschaft.in,Furniture > Tables > Accent Tables > End Tables,"",Echoes of the earth,true,Title,Default Title,,,,,,,,LD-ST-ST 1,19750.0,shopify,98,deny,manual,53000.00,,true,true,,,,,"",https://cdn.shopify.com/s/files/1/0946/4214/3527/files/1.png?v=1757237417,1,"",false,,,,,,,,,,,,,,"D 14""  H 21 """,,Engineered Concrete | Metal | Engineered Wood,,,,,,,,,,,,,,,,,,kg,,,active
set-in-stone-table,,,,,,,,,,,,,,,,,,,,,,,,,,,,,,,,https://cdn.shopify.com/s/files/1/0946/4214/3527/files/30.png?v=1757237417,2,"",,,,,,,,,,,,,,,,,,,,,,,,,,,,,,,,,,,,,,
set-in-stone-table,,,,,,,,,,,,,,,,,,,,,,,,,,,,,,,,https://cdn.shopify.com/s/files/1/0946/4214/3527/files/108.png?v=1757237417,3,"",,,,,,,,,,,,,,,,,,,,,,,,,,,,,,,,,,,,,,
set-in-stone-table,,,,,,,,,,,,,,,,,,,,,,,,,,,,,,,,https://cdn.shopify.com/s/files/1/0946/4214/3527/files/179.png?v=1757237417,4,"",,,,,,,,,,,,,,,,,,,,,,,,,,,,,,,,,,,,,,
set-in-stone-table,,,,,,,,,,,,,,,,,,,,,,,,,,,,,,,,https://cdn.shopify.com/s/files/1/0946/4214/3527/files/194.png?v=1757237417,5,"",,,,,,,,,,,,,,,,,,,,,,,,,,,,,,,,,,,,,,
balancing-act-table,Balancing Act Table,"<p><meta charset=""utf-8"">Nature and craft in dynamic tension. The Balancing Act Table features a dark concrete circular top supported by an asymmetric trio, one weathered driftwood leg alongside two sleek terracotta pillars. This sculptural side table challenges conventional design, creating visual intrigue through contrasting materials and forms. The organic wood element brings raw texture while the coral-red legs add contemporary polish to any interior.</p>",leidenschaft.in,Furniture > Tables > Accent Tables > End Tables,"",Echoes of the earth,true,Title,Default Title,,,,,,,,LD-ST-BA 1,0.0,shopify,100,deny,manual,38000.00,,true,true,,,,,"",https://cdn.shopify.com/s/files/1/0946/4214/3527/files/219.png?v=1757237244,1,"",false,,,,,,,,,,,,,,"D 15""  H 21.5""",,Engineered Concrete | Metal | Engineered Wood ,,,,,,,,,,,,,,,,,,kg,,,active
balancing-act-table,,,,,,,,,,,,,,,,,,,,,,,,,,,,,,,,https://cdn.shopify.com/s/files/1/0946/4214/3527/files/210.png?v=1757237244,2,"",,,,,,,,,,,,,,,,,,,,,,,,,,,,,,,,,,,,,,
balancing-act-table,,,,,,,,,,,,,,,,,,,,,,,,,,,,,,,,https://cdn.shopify.com/s/files/1/0946/4214/3527/files/175.png?v=1757237244,3,"",,,,,,,,,,,,,,,,,,,,,,,,,,,,,,,,,,,,,,
balancing-act-table,,,,,,,,,,,,,,,,,,,,,,,,,,,,,,,,https://cdn.shopify.com/s/files/1/0946/4214/3527/files/166.png?v=1757237244,4,"",,,,,,,,,,,,,,,,,,,,,,,,,,,,,,,,,,,,,,
balancing-act-table,,,,,,,,,,,,,,,,,,,,,,,,,,,,,,,,https://cdn.shopify.com/s/files/1/0946/4214/3527/files/151.png?v=1757237244,5,"",,,,,,,,,,,,,,,,,,,,,,,,,,,,,,,,,,,,,,
balancing-act-table,,,,,,,,,,,,,,,,,,,,,,,,,,,,,,,,https://cdn.shopify.com/s/files/1/0946/4214/3527/files/119.png?v=1757237244,6,"",,,,,,,,,,,,,,,,,,,,,,,,,,,,,,,,,,,,,,
balancing-act-coffee-table,Balancing Act Coffee Table,"<p><meta charset=""utf-8"">Bold contrast in perfect equilibrium. The Balancing Act Coffee Table features a sleek concrete top supported by three distinct legs, one raw black stone and two vibrant terracotta pillars. This asymmetric design creates visual tension while maintaining stability, transforming functional furniture into artistic statement. The interplay between rough natural stone and smooth ceramic elements brings dynamic energy to modern living spaces.</p>",leidenschaft.in,Furniture > Tables > Accent Tables,"",Echoes of the earth,true,Title,Default Title,,,,,,,,LD-CT-BA-1,8350.0,shopify,99,deny,manual,48000.00,,true,true,,,,,"",https://cdn.shopify.com/s/files/1/0946/4214/3527/files/11.png?v=1757237133,1,"",false,,,,,,,,,,,,,,"Dia 24"" H 17""",,Engineered Concrete | Metal | Engineered Wood ,,,,,,,,,,,,,,,,,,kg,,,active
balancing-act-coffee-table,,,,,,,,,,,,,,,,,,,,,,,,,,,,,,,,https://cdn.shopify.com/s/files/1/0946/4214/3527/files/55.png?v=1757237133,2,"",,,,,,,,,,,,,,,,,,,,,,,,,,,,,,,,,,,,,,
balancing-act-coffee-table,,,,,,,,,,,,,,,,,,,,,,,,,,,,,,,,https://cdn.shopify.com/s/files/1/0946/4214/3527/files/65.png?v=1757237134,3,"",,,,,,,,,,,,,,,,,,,,,,,,,,,,,,,,,,,,,,
balancing-act-coffee-table,,,,,,,,,,,,,,,,,,,,,,,,,,,,,,,,https://cdn.shopify.com/s/files/1/0946/4214/3527/files/83.png?v=1757237133,4,"",,,,,,,,,,,,,,,,,,,,,,,,,,,,,,,,,,,,,,
balancing-act-coffee-table,,,,,,,,,,,,,,,,,,,,,,,,,,,,,,,,https://cdn.shopify.com/s/files/1/0946/4214/3527/files/99.png?v=1757237133,5,"",,,,,,,,,,,,,,,,,,,,,,,,,,,,,,,,,,,,,,
balancing-act-coffee-table,,,,,,,,,,,,,,,,,,,,,,,,,,,,,,,,https://cdn.shopify.com/s/files/1/0946/4214/3527/files/170.png?v=1757237133,6,"",,,,,,,,,,,,,,,,,,,,,,,,,,,,,,,,,,,,,,
balancing-act-coffee-table,,,,,,,,,,,,,,,,,,,,,,,,,,,,,,,,https://cdn.shopify.com/s/files/1/0946/4214/3527/files/222.png?v=1757237133,7,"",,,,,,,,,,,,,,,,,,,,,,,,,,,,,,,,,,,,,,
balancing-act-coffee-table,,,,,,,,,,,,,,,,,,,,,,,,,,,,,,,,https://cdn.shopify.com/s/files/1/0946/4214/3527/files/204.png?v=1757237133,8,"",,,,,,,,,,,,,,,,,,,,,,,,,,,,,,,,,,,,,,
set-in-stone-table-lamp,Set in Stone Table Lamp,"<p><meta charset=""utf-8"">Nature's sculpture illuminated. The Set in Stone Table Lamp features a dramatic curved black stone base with raw, weathered texture that cradles a glowing orb at its peak. Each lamp is unique, carved by natural forces and finished by hand, the organic form creates an artistic statement while providing warm ambient light. This striking piece brings geological beauty and soft illumination to modern interiors.</p>",leidenschaft.in,Home & Garden > Lighting > Lamps > Table Lamps,"",Echoes of the earth,true,Title,Default Title,,,,,,,,LD-TL-ST 1,2200.0,shopify,100,deny,manual,18000.00,,true,true,,,,,"",https://cdn.shopify.com/s/files/1/0946/4214/3527/files/114.png?v=1757236996,1,"",false,,,,,,,,,,,,,,"L 4.5"" W 3"" H 13""",,Engineered Concrete | Metal ,,,,,yellow; white; black; brown; gray,,,,,warm-white,,,,,,,,kg,,,active
set-in-stone-table-lamp,,,,,,,,,,,,,,,,,,,,,,,,,,,,,,,,https://cdn.shopify.com/s/files/1/0946/4214/3527/files/195.png?v=1757236996,2,"",,,,,,,,,,,,,,,,,,,,,,,,,,,,,,,,,,,,,,
set-in-stone-table-lamp,,,,,,,,,,,,,,,,,,,,,,,,,,,,,,,,https://cdn.shopify.com/s/files/1/0946/4214/3527/files/59.png?v=1757236997,3,"",,,,,,,,,,,,,,,,,,,,,,,,,,,,,,,,,,,,,,
set-in-stone-table-lamp,,,,,,,,,,,,,,,,,,,,,,,,,,,,,,,,https://cdn.shopify.com/s/files/1/0946/4214/3527/files/56.png?v=1757236996,4,"",,,,,,,,,,,,,,,,,,,,,,,,,,,,,,,,,,,,,,
set-in-stone-table-lamp,,,,,,,,,,,,,,,,,,,,,,,,,,,,,,,,https://cdn.shopify.com/s/files/1/0946/4214/3527/files/15.png?v=1757236996,5,"",,,,,,,,,,,,,,,,,,,,,,,,,,,,,,,,,,,,,,
set-in-stone-table-lamp,,,,,,,,,,,,,,,,,,,,,,,,,,,,,,,,https://cdn.shopify.com/s/files/1/0946/4214/3527/files/17.png?v=1757236997,6,"",,,,,,,,,,,,,,,,,,,,,,,,,,,,,,,,,,,,,,
anchored-hanging-lamp-i-ii-iii-iv,Anchored Hanging Lamp I/II/III/IV,"<p><meta charset=""utf-8"">Floating illumination anchored by nature. The Anchored Hanging Lamp Collection features three glowing orbs suspended at varying heights, each paired with raw black stone elements that add organic weight to the ethereal design. These sculptural pendants create dramatic focal points over dining tables, kitchen islands, or stairwells. The contrast between rough stone and smooth glass brings textural sophistication while casting warm, layered light throughout the space.</p>",leidenschaft.in,Home & Garden > Lighting > Lighting Fixtures > Chandeliers,"",Echoes of the earth,true,Title,Default Title,,,,,,,,LD-CL-A 2,1100.0,shopify,100,deny,manual,17000.00,,true,true,,,,,"",https://cdn.shopify.com/s/files/1/0946/4214/3527/files/36.png?v=1757236892,1,"",false,,"Floating illumination anchored by nature. The Anchored Hanging Lamp Collection features three glowing orbs suspended at varying heights, each paired with raw black stone elements that add organic weight to the ethereal design. These sculptural pendants create dramatic focal points over dining tables, kitchen islands, or stairwells. The contrast between rough stone and smooth glass brings textural sophistication while casting warm, layered light throughout the space.
Available a a set of 3 hanging lights , with a round plate for celling installation. ",,,,,,,,,,,,"W 3"" H 53"", 52"",  34""",,Engineered Concrete | Metal ,,,,e27,black; white,,,,,warm-white,fabric; metal,,,,modern; minimalist,,,kg,,,active
anchored-hanging-lamp-i-ii-iii-iv,,,,,,,,,,,,,,,,,,,,,,,,,,,,,,,,https://cdn.shopify.com/s/files/1/0946/4214/3527/files/127.png?v=1757236892,2,"",,,,,,,,,,,,,,,,,,,,,,,,,,,,,,,,,,,,,,
anchored-hanging-lamp-i-ii-iii-iv,,,,,,,,,,,,,,,,,,,,,,,,,,,,,,,,https://cdn.shopify.com/s/files/1/0946/4214/3527/files/160.png?v=1757236892,3,"",,,,,,,,,,,,,,,,,,,,,,,,,,,,,,,,,,,,,,
anchored-floor-lamp,Anchored Floor Lamp,"<p><meta charset=""utf-8"">Towering elegance with earthy roots. The Anchored Floor Lamp features a striking tapered concrete column that rises from textured base to smooth peak, crowned by a terracotta accent and glowing orb. Standing tall as functional sculpture, this floor lamp provides warm ambient lighting while serving as an artistic focal point. The natural gradient texture and substantial form bring grounded sophistication to living rooms, reading corners, or entryways</p>",leidenschaft.in,Home & Garden > Lighting > Lamps > Floor Lamps,"",Echoes of the earth,true,Title,Default Title,,,,,,,,LD-FL-A 1,13000.0,shopify,100,deny,manual,35000.00,,true,true,,,,,"",https://cdn.shopify.com/s/files/1/0946/4214/3527/files/181.png?v=1757236591,1,"",false,,,,,,,,,,,,,,"Dia 12"" H 45""",,Engineered Concrete | Metal | Engineered Wood,,,,,red; white,,,,,warm-white,,,,,,,,kg,,,active
anchored-floor-lamp,,,,,,,,,,,,,,,,,,,,,,,,,,,,,,,,https://cdn.shopify.com/s/files/1/0946/4214/3527/files/177.png?v=1757236591,2,"",,,,,,,,,,,,,,,,,,,,,,,,,,,,,,,,,,,,,,
anchored-floor-lamp,,,,,,,,,,,,,,,,,,,,,,,,,,,,,,,,https://cdn.shopify.com/s/files/1/0946/4214/3527/files/163.png?v=1757236592,3,"",,,,,,,,,,,,,,,,,,,,,,,,,,,,,,,,,,,,,,
anchored-floor-lamp,,,,,,,,,,,,,,,,,,,,,,,,,,,,,,,,https://cdn.shopify.com/s/files/1/0946/4214/3527/files/131.png?v=1757236591,4,"",,,,,,,,,,,,,,,,,,,,,,,,,,,,,,,,,,,,,,
anchored-floor-lamp,,,,,,,,,,,,,,,,,,,,,,,,,,,,,,,,https://cdn.shopify.com/s/files/1/0946/4214/3527/files/49.png?v=1757236592,5,"",,,,,,,,,,,,,,,,,,,,,,,,,,,,,,,,,,,,,,
anchored-table-lamp,Anchored Table Lamp,"<p><meta charset=""utf-8"">Sculptural lighting with organic appeal. The Anchored Table Lamp features a conical concrete base with rich textural gradients, topped by a playful terracotta element supporting a warm glowing orb. This compact design brings both ambient lighting and artistic presence to bedside tables, desks, or shelves. The signature texture transition from rough to smooth concrete adds visual depth while the coral accent provides a pop of color.</p>",leidenschaft.in,Home & Garden > Lighting > Lamps > Table Lamps,"",Echoes of the earth,true,Title,Default Title,,,,,,,,LD-TL-A 1,3400.0,shopify,99,deny,manual,15500.00,,true,true,,,,,"",https://cdn.shopify.com/s/files/1/0946/4214/3527/files/74.png?v=1757236465,1,"",false,,,,,,,,,,,,,,"L 5.6"" W 5"" H 13.7""",,Engineered Concrete | Metal | Engineered Wood ,,,,,geometric; white,,,,,warm-white,,,,,,,,kg,,,active
anchored-table-lamp,,,,,,,,,,,,,,,,,,,,,,,,,,,,,,,,https://cdn.shopify.com/s/files/1/0946/4214/3527/files/101.png?v=1757236465,2,"",,,,,,,,,,,,,,,,,,,,,,,,,,,,,,,,,,,,,,
anchored-table-lamp,,,,,,,,,,,,,,,,,,,,,,,,,,,,,,,,https://cdn.shopify.com/s/files/1/0946/4214/3527/files/203.png?v=1757236465,3,"",,,,,,,,,,,,,,,,,,,,,,,,,,,,,,,,,,,,,,
anchored-table-lamp,,,,,,,,,,,,,,,,,,,,,,,,,,,,,,,,https://cdn.shopify.com/s/files/1/0946/4214/3527/files/224.png?v=1757236465,4,"",,,,,,,,,,,,,,,,,,,,,,,,,,,,,,,,,,,,,,
anchored-table-lamp,,,,,,,,,,,,,,,,,,,,,,,,,,,,,,,,https://cdn.shopify.com/s/files/1/0946/4214/3527/files/228.png?v=1757236465,5,"",,,,,,,,,,,,,,,,,,,,,,,,,,,,,,,,,,,,,,
balancing-act-floor-lamp,Balancing Act Floor Lamp,"<p><span data-sheets-root=""1"">A climb of stone and light — each glow a marker, guiding the form upward.</span></p>",leidenschaft.in,Home & Garden > Lighting > Lamps > Floor Lamps,"",Echoes of the earth,false,Title,Default Title,,,,,,,,LD-FL-BA 4,48000.0,shopify,100,deny,manual,112500.00,,true,true,,,,,"",https://cdn.shopify.com/s/files/1/0946/4214/3527/files/142.png?v=1757236337,1,"",false,,,,,,,,,,,,,,"L 15.6"" W 11"" H 43""",,Engineered Concrete | Metal ,,,,,geometric; red; black,,,,,cool-white,,,,,,,,kg,,,draft
balancing-act-floor-lamp,,,,,,,,,,,,,,,,,,,,,,,,,,,,,,,,https://cdn.shopify.com/s/files/1/0946/4214/3527/files/122.png?v=1757236337,2,"",,,,,,,,,,,,,,,,,,,,,,,,,,,,,,,,,,,,,,
balancing-act-floor-lamp,,,,,,,,,,,,,,,,,,,,,,,,,,,,,,,,https://cdn.shopify.com/s/files/1/0946/4214/3527/files/115.png?v=1757236337,3,"",,,,,,,,,,,,,,,,,,,,,,,,,,,,,,,,,,,,,,
balancing-act-floor-lamp,,,,,,,,,,,,,,,,,,,,,,,,,,,,,,,,https://cdn.shopify.com/s/files/1/0946/4214/3527/files/69.png?v=1757236338,4,"",,,,,,,,,,,,,,,,,,,,,,,,,,,,,,,,,,,,,,
balancing-act-floor-lamp,,,,,,,,,,,,,,,,,,,,,,,,,,,,,,,,https://cdn.shopify.com/s/files/1/0946/4214/3527/files/29.png?v=1757236338,5,"",,,,,,,,,,,,,,,,,,,,,,,,,,,,,,,,,,,,,,
on-axis-table-lamp-ii,On Axis Table Lamp II,"<p><meta charset=""utf-8"">Balanced illumination meets sculptural form. The On Axis Table Lamp II features a warm globe light resting on a smooth terracotta stone, creating a serene focal point for any space. The organic, pebble-like base adds earthy texture while the soft orb diffuses ambient light. This minimalist design brings both function and artistry to bedside tables, desks, or living spaces. Handcrafted with natural materials for timeless appeal.</p>",leidenschaft.in,Home & Garden > Lighting > Lamps > Table Lamps,"",Echoes of the earth,true,Title,Default Title,,,,,,,,LD-TL -AX 2,1800.0,shopify,100,deny,manual,9500.00,,true,true,,,,,"",https://cdn.shopify.com/s/files/1/0946/4214/3527/files/146.png?v=1757236097,1,"",false,,,,,,,,,,,,,,"L 12.8"" W 4"" H 5.7""",,Engineered Concrete | Metal ,,,,,red; geometric; white,,,,,cool-white,,,,,,,,kg,,,active
on-axis-table-lamp-ii,,,,,,,,,,,,,,,,,,,,,,,,,,,,,,,,https://cdn.shopify.com/s/files/1/0946/4214/3527/files/173.png?v=1757236097,2,"",,,,,,,,,,,,,,,,,,,,,,,,,,,,,,,,,,,,,,
on-axis-table-lamp-ii,,,,,,,,,,,,,,,,,,,,,,,,,,,,,,,,https://cdn.shopify.com/s/files/1/0946/4214/3527/files/223.png?v=1757236097,3,"",,,,,,,,,,,,,,,,,,,,,,,,,,,,,,,,,,,,,,
on-axis-table-lamp-ii,,,,,,,,,,,,,,,,,,,,,,,,,,,,,,,,https://cdn.shopify.com/s/files/1/0946/4214/3527/files/225.png?v=1757236097,4,"",,,,,,,,,,,,,,,,,,,,,,,,,,,,,,,,,,,,,,
on-axis-table-lamp-i,On Axis Table Lamp I,"<p><span data-sheets-root=""1"">A quiet thought, glowing softly in the corner of a room.</span></p>",leidenschaft.in,Home & Garden > Lighting > Lamps > Table Lamps,"",Echoes of the earth,true,Title,Default Title,,,,,,,,LD-TL-AX 1,1280.0,shopify,100,deny,manual,9500.00,,true,true,,,,,"",https://cdn.shopify.com/s/files/1/0946/4214/3527/files/192.png?v=1757235982,1,"",false,,,,,,,,,,,,,,"L 12.8"" W 5.5"" H 5.2""",,Engineered Concrete | Metal ,,,,,black; brown,,,,,warm-white,,,,,,,,kg,,,active
on-axis-table-lamp-i,,,,,,,,,,,,,,,,,,,,,,,,,,,,,,,,https://cdn.shopify.com/s/files/1/0946/4214/3527/files/183.png?v=1757235982,2,"",,,,,,,,,,,,,,,,,,,,,,,,,,,,,,,,,,,,,,
on-axis-table-lamp-i,,,,,,,,,,,,,,,,,,,,,,,,,,,,,,,,https://cdn.shopify.com/s/files/1/0946/4214/3527/files/25.png?v=1757235982,3,"",,,,,,,,,,,,,,,,,,,,,,,,,,,,,,,,,,,,,,
balancing-act-table-lamp-iii,Balancing Act Table Lamp III,"<p><meta charset=""utf-8"">Minimalist design meets natural artistry. The Balancing Act Table Lamp III features three carefully balanced elements: warm terracotta base, angular charcoal stone, and glowing frosted orb. This handcrafted accent light transforms everyday illumination into a meditative focal point. Each unique stone arrangement creates dramatic shadows and visual interest. Perfect for modern bedside tables, office desks, or living room accent lighting.</p>",leidenschaft.in,Home & Garden > Lighting > Lamps > Table Lamps,"",Echoes of the earth,true,Title,Default Title,,,,,,,,LD-TL-BA 3,1500.0,shopify,100,deny,manual,10000.00,,true,true,,,,,"",https://cdn.shopify.com/s/files/1/0946/4214/3527/files/42.png?v=1757235845,1,"",false,,,,,,,,,,,,,,"L 4.5"" W 4"" H 8""",Texture Rock Finish ,Engineered Concrete | Metal ,,,,,red; brown; white; gray; geometric,,,,,cool-white,,,,,,,,kg,,,active
balancing-act-table-lamp-iii,,,,,,,,,,,,,,,,,,,,,,,,,,,,,,,,https://cdn.shopify.com/s/files/1/0946/4214/3527/files/28.png?v=1757235845,2,"",,,,,,,,,,,,,,,,,,,,,,,,,,,,,,,,,,,,,,
balancing-act-table-lamp-iii,,,,,,,,,,,,,,,,,,,,,,,,,,,,,,,,https://cdn.shopify.com/s/files/1/0946/4214/3527/files/46.png?v=1757235844,3,"",,,,,,,,,,,,,,,,,,,,,,,,,,,,,,,,,,,,,,
balancing-act-table-lamp-iii,,,,,,,,,,,,,,,,,,,,,,,,,,,,,,,,https://cdn.shopify.com/s/files/1/0946/4214/3527/files/79.png?v=1757235844,4,"",,,,,,,,,,,,,,,,,,,,,,,,,,,,,,,,,,,,,,
balancing-act-table-lamp-iii,,,,,,,,,,,,,,,,,,,,,,,,,,,,,,,,https://cdn.shopify.com/s/files/1/0946/4214/3527/files/93.png?v=1757235844,5,"",,,,,,,,,,,,,,,,,,,,,,,,,,,,,,,,,,,,,,
balancing-act-table-lamp-iii,,,,,,,,,,,,,,,,,,,,,,,,,,,,,,,,https://cdn.shopify.com/s/files/1/0946/4214/3527/files/102.png?v=1757235844,6,"",,,,,,,,,,,,,,,,,,,,,,,,,,,,,,,,,,,,,,
balancing-act-table-lamp-iii,,,,,,,,,,,,,,,,,,,,,,,,,,,,,,,,https://cdn.shopify.com/s/files/1/0946/4214/3527/files/137.png?v=1757235844,7,"",,,,,,,,,,,,,,,,,,,,,,,,,,,,,,,,,,,,,,
balancing-act-table-lamp-iii,,,,,,,,,,,,,,,,,,,,,,,,,,,,,,,,https://cdn.shopify.com/s/files/1/0946/4214/3527/files/141.png?v=1757235844,8,"",,,,,,,,,,,,,,,,,,,,,,,,,,,,,,,,,,,,,,
balancing-act-table-lamp-iii,,,,,,,,,,,,,,,,,,,,,,,,,,,,,,,,https://cdn.shopify.com/s/files/1/0946/4214/3527/files/152.png?v=1757235844,9,"",,,,,,,,,,,,,,,,,,,,,,,,,,,,,,,,,,,,,,
balancing-act-table-lamp-iii,,,,,,,,,,,,,,,,,,,,,,,,,,,,,,,,https://cdn.shopify.com/s/files/1/0946/4214/3527/files/198.png?v=1757235844,10,"",,,,,,,,,,,,,,,,,,,,,,,,,,,,,,,,,,,,,,
balancing-act-table-lamp-iii,,,,,,,,,,,,,,,,,,,,,,,,,,,,,,,,https://cdn.shopify.com/s/files/1/0946/4214/3527/files/214.png?v=1757235844,11,"",,,,,,,,,,,,,,,,,,,,,,,,,,,,,,,,,,,,,,
balancing-act-table-lamp-ii,Balancing Act Table Lamp II,"<p><meta charset=""utf-8"">Artful balance illuminated. The Balancing Act Table Lamp II showcases a carefully composed tower of natural elements, smooth terracotta base supporting angular charcoal stones, topped with a glowing orb. Each handpicked stone creates dynamic shadows and textures when lit, turning functional lighting into meditative sculpture. This unique piece brings warmth and artistic sophistication to bedside tables, desks, or accent spaces.</p>",leidenschaft.in,Home & Garden > Lighting > Lamps > Table Lamps,"",Echoes of the earth,true,Title,Default Title,,,,,,,,LD-TL-BA2,1900.0,shopify,100,deny,manual,10500.00,,true,true,,,,,"",https://cdn.shopify.com/s/files/1/0946/4214/3527/files/43.png?v=1757235686,1,"",false,,,,,,,,,,,,,,"L 7"" W 4.6"" H 6.9""",,Engineered Concrete | Metal  ,,,,,,,,,,,,,,,,,,kg,,,active
balancing-act-table-lamp-ii,,,,,,,,,,,,,,,,,,,,,,,,,,,,,,,,https://cdn.shopify.com/s/files/1/0946/4214/3527/files/62.png?v=1757235686,2,"",,,,,,,,,,,,,,,,,,,,,,,,,,,,,,,,,,,,,,
balancing-act-table-lamp-ii,,,,,,,,,,,,,,,,,,,,,,,,,,,,,,,,https://cdn.shopify.com/s/files/1/0946/4214/3527/files/186.png?v=1757235686,3,"",,,,,,,,,,,,,,,,,,,,,,,,,,,,,,,,,,,,,,
balancing-act-table-lamp-i,Balancing Act  Table Lamp I,"<p><meta charset=""utf-8"">Playful equilibrium meets ambient glow. The Balancing Act Table Lamp I features a striking stack of natural stones crowned with a warm sphere of light. A terracotta base anchors charcoal slate pieces that appear delicately balanced, creating visual tension and artistic intrigue. This functional sculpture transforms lighting into conversation piece, perfect for modern interiors seeking organic texture and warm illumination.</p>",leidenschaft.in,Home & Garden > Lighting > Lamps > Table Lamps,"",Echoes of the earth,true,Title,Default Title,,,,,,,,LD-TL-BA1,1650.0,shopify,98,deny,manual,10500.00,,true,true,,,,,"",https://cdn.shopify.com/s/files/1/0946/4214/3527/files/21.png?v=1757235520,1,"",false,,,,,,,,,,,,,,"L 7"" W 4"" H 8.4""",Texture Rock Finish,Engineered Concrete |  Metal ,,,,,geometric; white,,,,,,,,,,,,,kg,,,active
balancing-act-table-lamp-i,,,,,,,,,,,,,,,,,,,,,,,,,,,,,,,,https://cdn.shopify.com/s/files/1/0946/4214/3527/files/72.png?v=1757235520,2,"",,,,,,,,,,,,,,,,,,,,,,,,,,,,,,,,,,,,,,
balancing-act-table-lamp-i,,,,,,,,,,,,,,,,,,,,,,,,,,,,,,,,https://cdn.shopify.com/s/files/1/0946/4214/3527/files/97.png?v=1757235520,3,"",,,,,,,,,,,,,,,,,,,,,,,,,,,,,,,,,,,,,,
balancing-act-table-lamp-i,,,,,,,,,,,,,,,,,,,,,,,,,,,,,,,,https://cdn.shopify.com/s/files/1/0946/4214/3527/files/126.png?v=1757235519,4,"",,,,,,,,,,,,,,,,,,,,,,,,,,,,,,,,,,,,,,
balancing-act-table-lamp-i,,,,,,,,,,,,,,,,,,,,,,,,,,,,,,,,https://cdn.shopify.com/s/files/1/0946/4214/3527/files/133.png?v=1757235519,5,"",,,,,,,,,,,,,,,,,,,,,,,,,,,,,,,,,,,,,,
balancing-act-table-lamp-i,,,,,,,,,,,,,,,,,,,,,,,,,,,,,,,,https://cdn.shopify.com/s/files/1/0946/4214/3527/files/220.png?v=1757235519,6,"",,,,,,,,,,,,,,,,,,,,,,,,,,,,,,,,,,,,,,
balancing-act-table-lamp-i,,,,,,,,,,,,,,,,,,,,,,,,,,,,,,,,https://cdn.shopify.com/s/files/1/0946/4214/3527/files/227.png?v=1757235520,7,"",,,,,,,,,,,,,,,,,,,,,,,,,,,,,,,,,,,,,,
flow,Flow,"<p><span>The Flow table is a beautifully curved coffee table that brings a sense of movement to your living space. The debossed prints on the muted grey concrete surface create a tactile experience, inviting touch and interaction. The unique design of Flow Table, with its wave-like curvature and dynamic prints, adds a touch of elegance and fluidity to any room. It’s more than just a coffee table; it’s a statement piece thatcombines form, function, and sensory delight.</span></p>",leidenschaft.in,Furniture > Tables > Accent Tables > Coffee Tables,Tables,"Essentials, Tables",true,Title,Default Title,,,,,,,,LD-CT-006,42800.0,shopify,100,deny,manual,43000.00,,true,true,,,,,"",https://cdn.shopify.com/s/files/1/0946/4214/3527/files/66b9f5e112c9568d302f2cf1_23_1.jpg?v=1757233724,1,"",false,,,,,,,,,,,,,,H: 20 in | W: 24 in | L: 38 in,Engineered Concrete,Engineered Concrete | Engineered Wood | Metal | Led Light ,,,,,,,,,,,,,,,,,,kg,,,active
flow,,,,,,,,,,,,,,,,,,,,,,,,,,,,,,,,https://cdn.shopify.com/s/files/1/0946/4214/3527/files/66b9f5e7adf2885f2abf349a_22.jpg?v=1757233724,2,"",,,,,,,,,,,,,,,,,,,,,,,,,,,,,,,,,,,,,,
flow,,,,,,,,,,,,,,,,,,,,,,,,,,,,,,,,https://cdn.shopify.com/s/files/1/0946/4214/3527/files/66b9f5e112c9568d302f2cf1_23.jpg?v=1757233724,3,"",,,,,,,,,,,,,,,,,,,,,,,,,,,,,,,,,,,,,,
nimbus,Nimbus Side Tables,"<p><meta charset=""utf-8"">Ethereal design rooted in nature. The Nimbus tables feature cylindrical wooden vessels cradled by three tall legs, creating an architectural interplay of curves and lines. The engineered wood showcases a sophisticated grey gradient finish, from pale ash tones to deep charcoal, with subtle wood grain patterns adding organic texture. These sculptural side tables appear to float, bringing both function and artistic presence to contemporary interiors. </p>",leidenschaft.in,Furniture > Tables > Accent Tables > End Tables,Tables,"Malleka 2024 I, Tables",true,Title,Default Title,,,,,,,,LD-ST-032,30000.0,shopify,99,deny,manual,25000.00,,true,true,,,,,"",https://cdn.shopify.com/s/files/1/0946/4214/3527/files/122.jpg?v=1757233670,1,"",false,,,,,,,,,,,,,,(L) D | 9.5 IN H | 22 IN | (S) D | 9.5 IN H | 18 IN,Engineered Concrete Finish,Engineered Concrete | Engineered Wood | Metal ,,,,,,,,,,,,,,,,,,kg,,,active
fluted-drum,Fluted Drum,"<p><span>The Fluted Drum side tables are elegantly shaped like drums or pillars, adorned with striped fluted graphics all around. These simple yet striking tables bring rhythm and texture to your living space, adding a touch of graphic sophistication. The fluted design not only enhances visual interest but also creates a tactile experience. FluteDrum side tables are perfect for those who appreciate clean lines and contemporary design with a playfultwist, making them versatile additions to any modern interior.</span></p>",leidenschaft.in,Furniture > Tables > Accent Tables > End Tables,Tables,"Essentials, Tables",true,Title,Default Title,,,,,,,,LD-ST-021,27600.0,shopify,100,deny,manual,15000.00,,true,true,,,,,"",https://cdn.shopify.com/s/files/1/0946/4214/3527/files/66bc58698893755197136a0c_101.jpg?v=1757233583,1,"",false,,,,,,,,,,,,,,"H: 22.6 in (B), 18.6 IN (S)| Dia: 18 in",Concrete Finish,Engineered Concrete | Engineered Wood ,,,,,,,,,,,,,,,,,,kg,,,active
fluted-drum,,,,,,,,,,,,,,,,,,,,,,,,,,,,,,,,https://cdn.shopify.com/s/files/1/0946/4214/3527/files/66bc587210fb501f29df6976_102.jpg?v=1757233583,2,"",,,,,,,,,,,,,,,,,,,,,,,,,,,,,,,,,,,,,,
axis,Axis,"<p><span>The Axis table redefines modern elegance with its clean lines and artistic flair. Each of its cylindrical legs tells a unique story: one adorned with vertical rings, the other with horizontal rings, creating a captivating visual dialogue.A part of the Leidenschaft Essentials, it celebrates geometric shapes and prints, transforming concrete into a statement piece. This table seamlessly integrates into any decor, offering both functionality and a touch of contemporary sophistication to your space.</span></p>",leidenschaft.in,Furniture > Tables > Kitchen & Dining Room Tables,Tables,"Essentials, Tables",true,Title,Default Title,,,,,,,,LD-TT-001,76000.0,shopify,99,deny,manual,75000.00,,true,true,,,,,"",https://cdn.shopify.com/s/files/1/0946/4214/3527/files/66bc453743eebb5735e02254_51.jpg?v=1757233464,1,"",false,,,,,,,,,,,,,,H: 35.6 in | W: 22 in | L: 57 in,Concrete Finish,Engineered Concrete | Engineered Wood,,,,,,,,,,,,,,,,,,kg,,,active
axis,,,,,,,,,,,,,,,,,,,,,,,,,,,,,,,,https://cdn.shopify.com/s/files/1/0946/4214/3527/files/66bc453d3468c4548a24b5fd_54.jpg?v=1757233464,2,"",,,,,,,,,,,,,,,,,,,,,,,,,,,,,,,,,,,,,,
axis,,,,,,,,,,,,,,,,,,,,,,,,,,,,,,,,https://cdn.shopify.com/s/files/1/0946/4214/3527/files/66bc453d7632d1a21d9b492f_53.jpg?v=1757233465,3,"",,,,,,,,,,,,,,,,,,,,,,,,,,,,,,,,,,,,,,
axis,,,,,,,,,,,,,,,,,,,,,,,,,,,,,,,,https://cdn.shopify.com/s/files/1/0946/4214/3527/files/66bc453db40b02811a0bc5e7_52.jpg?v=1757233464,4,"",,,,,,,,,,,,,,,,,,,,,,,,,,,,,,,,,,,,,,
fold-verse,Fold Verse,"<p><span>Fold Verse is a poetic coffee table characterized by its folded design, reminiscent of origami artistry. The muted grey concrete color adds a modern touch, while a graphic print enhances the visual movement of the folds. This table combines functionality with artistic expression, creating a captivating focal point in any living space. FoldVerse invites you to appreciate the beauty of form and texture, making it a sophisticated addition to contemporary interiors that value both style and substance.</span></p>",leidenschaft.in,Furniture > Tables > Accent Tables,Tables,"Essentials, Tables",true,Title,Default Title,,,,,,,,LD-CT-005,51700.0,shopify,100,deny,manual,45000.00,,true,true,,,,,"",https://cdn.shopify.com/s/files/1/0946/4214/3527/files/66bc64ee2412ce1ba89abc8d_111.jpg?v=1757233338,1,"",false,,,,,,,,,,,,,, H: 17 in |  W: 30 in | L: 35 in,Engineered Concrete,Engineered Concrete | Glass | Engineered Wood | Metal ,,,,,,,,,,,,,,,,,,kg,,,active
fold-verse,,,,,,,,,,,,,,,,,,,,,,,,,,,,,,,,https://cdn.shopify.com/s/files/1/0946/4214/3527/files/66bc64f5ac0a2afea09ee427_112.jpg?v=1757233338,2,"",,,,,,,,,,,,,,,,,,,,,,,,,,,,,,,,,,,,,,
fold-verse,,,,,,,,,,,,,,,,,,,,,,,,,,,,,,,,https://cdn.shopify.com/s/files/1/0946/4214/3527/files/66bc64f588bcb5ab84832216_114.jpg?v=1757233338,3,"",,,,,,,,,,,,,,,,,,,,,,,,,,,,,,,,,,,,,,
fold-verse,,,,,,,,,,,,,,,,,,,,,,,,,,,,,,,,https://cdn.shopify.com/s/files/1/0946/4214/3527/files/66bc64f503f232650a59384c_113.jpg?v=1757233337,4,"",,,,,,,,,,,,,,,,,,,,,,,,,,,,,,,,,,,,,,
morph-coffee-table-sturdy-fluid,Morph Coffee Table (Sturdy + Fluid),"<p><span>A striking blend of precision and organic flow, the Morph Coffee table embodies the duality of structure and fluidity. Beginning with a straight, sturdy form, the console gradually transitions into a fluidic concrete structure in its second half, as though it’s in the process of transforming. The interplay between its rigid foundation and sculptural, evolving silhouette invites contemplation of balance and transformation.</span></p>",leidenschaft.in,Furniture > Tables > Accent Tables > Coffee Tables,Tables,"Malleka 2024 II, Tables",true,Title,Default Title,,,,,,,,LD-ST-041,50000.0,shopify,100,deny,manual,125000.00,,true,true,,,,,"",https://cdn.shopify.com/s/files/1/0946/4214/3527/files/169.jpg?v=1757233216,1,"",false,,,,,,,,,,,,,,L: 49 in | W: 22.4 in | H: 19 in,,Engineered Concrete | Engineered Wood | Metal ,,,,,,,,,,,,,,,,,,kg,,,active
morph-coffee-table-sturdy-fluid,,,,,,,,,,,,,,,,,,,,,,,,,,,,,,,,https://cdn.shopify.com/s/files/1/0946/4214/3527/files/170.jpg?v=1757233216,2,"",,,,,,,,,,,,,,,,,,,,,,,,,,,,,,,,,,,,,,
drapes-sde-table-square,Drapes Side Table (Square),"<p><span>A study in restraint and refinement, the Drape Side Table Square is a testament to the designer’s intuition—where material and form converge in effortless balance. Sculpted from concrete, its square silhouette is softened by fluid detailing, evoking the gentle fold of fabric frozen in time. Designed to integrate seamlessly into any space, Drape is more than a surface—it is a quiet presence, an anchor of sophistication that speaks in whispers rather than declarations.</span></p>",leidenschaft.in,Furniture > Tables > Accent Tables,Tables,"Malleka 2025, Tables",true,Title,Default Title,,,,,,,,LD ST1 ID,18000.0,shopify,100,deny,manual,35000.00,,true,true,,,,,"",https://cdn.shopify.com/s/files/1/0946/4214/3527/files/187.jpg?v=1757233152,1,"",false,,,,,,,,,,,,,,H: 21 in | L: 16 in | W: 16 in,Smooth Concrete,Engineered Concrete | Engineered Wood | Metal,,,,,,,,,,,,,,,,,,kg,,,active
drapes-sde-table-square,,,,,,,,,,,,,,,,,,,,,,,,,,,,,,,,https://cdn.shopify.com/s/files/1/0946/4214/3527/files/188.jpg?v=1757233152,2,"",,,,,,,,,,,,,,,,,,,,,,,,,,,,,,,,,,,,,,
drapes-sde-table-square,,,,,,,,,,,,,,,,,,,,,,,,,,,,,,,,https://cdn.shopify.com/s/files/1/0946/4214/3527/files/189.jpg?v=1757233152,3,"",,,,,,,,,,,,,,,,,,,,,,,,,,,,,,,,,,,,,,
drapes-sde-table-square,,,,,,,,,,,,,,,,,,,,,,,,,,,,,,,,https://cdn.shopify.com/s/files/1/0946/4214/3527/files/190.jpg?v=1757233152,4,"",,,,,,,,,,,,,,,,,,,,,,,,,,,,,,,,,,,,,,
drapes-side-table-round,Drapes Side Table (Round),"<p><span>A dialogue between fluidity and structure, the Drape Side Table Round captures the elegance of movement within the solidity of concrete. Its circular form is softened by delicate contours, evoking the gentle fall of fabric caught in stillness. Sculptural yet unassuming, Drape seamlessly integrates into its surroundings, offering a quiet sophistication that enhances without overpowering. A piece that exists effortlessly—grounded, graceful, and timeless.</span></p>",leidenschaft.in,Furniture > Tables > Accent Tables > End Tables,Tables,"Malleka 2025, Tables",true,Title,Default Title,,,,,,,,LD St2 ID,16000.0,shopify,100,deny,manual,35000.00,,true,true,,,,,"",https://cdn.shopify.com/s/files/1/0946/4214/3527/files/183.jpg?v=1757233079,1,"",false,,,,,,,,,,,,,,H: 20.5 in | Dia: 13.6 in,Smooth Concrete,Engineered Concrete | Engineered Wood | Metal ,,,,,,,,,,,,,,,,,,kg,,,active
drapes-side-table-round,,,,,,,,,,,,,,,,,,,,,,,,,,,,,,,,https://cdn.shopify.com/s/files/1/0946/4214/3527/files/184.jpg?v=1757233079,2,"",,,,,,,,,,,,,,,,,,,,,,,,,,,,,,,,,,,,,,
drapes-side-table-round,,,,,,,,,,,,,,,,,,,,,,,,,,,,,,,,https://cdn.shopify.com/s/files/1/0946/4214/3527/files/185.jpg?v=1757233079,3,"",,,,,,,,,,,,,,,,,,,,,,,,,,,,,,,,,,,,,,
drapes-side-table-round,,,,,,,,,,,,,,,,,,,,,,,,,,,,,,,,https://cdn.shopify.com/s/files/1/0946/4214/3527/files/186.jpg?v=1757233079,4,"",,,,,,,,,,,,,,,,,,,,,,,,,,,,,,,,,,,,,,
terra-curve,Terra Curve,"<p><span>Terra Curve is a terracotta desk that adds a touch of playfulness to your workspace with its elegantly curved top. Designed for both style and functionality, it features added drawers that provide ample storage space. The rich, earthy tones of terracotta combined with the desk’s unique curvature create a warm and inviting atmosphere, making Terra Curve a perfect blend of practicality and artistic flair for any home or office setting.</span></p>",leidenschaft.in,Furniture > Office Furniture > Desks,Tables,"Essentials, Tables",true,Title,Default Title,,,,,,,,LD-TT-002,80000.0,shopify,100,deny,manual,78000.00,,true,true,,,,,"",https://cdn.shopify.com/s/files/1/0946/4214/3527/files/66b9d95c829c86790fef6758_0V8A0281.jpg?v=1757232987,1,"",false,,,,,,,,,,,,,,H: 35.6 in | W: 22 in | L: 57 in,Engineered Concrete Finishing,Engineered Concrete | Engineered Wood ,,,,,,,,free-standing; drawers,,,,,,,,,,kg,,,active
terra-curve,,,,,,,,,,,,,,,,,,,,,,,,,,,,,,,,https://cdn.shopify.com/s/files/1/0946/4214/3527/files/66b9d967f1947ab40ad1a86c_0V8A0299.jpg?v=1757232987,2,"",,,,,,,,,,,,,,,,,,,,,,,,,,,,,,,,,,,,,,
terra-curve,,,,,,,,,,,,,,,,,,,,,,,,,,,,,,,,https://cdn.shopify.com/s/files/1/0946/4214/3527/files/66b9d96869a8ba5555bc989f_0V8A0286.jpg?v=1757232987,3,"",,,,,,,,,,,,,,,,,,,,,,,,,,,,,,,,,,,,,,
pearl-peg-table,Pearl Peg Table,"<p><span>The Pear Peg Tables are a perfect blend of minimalism and luxury. Featuring a sleek concrete top inlaid with exquisite mother of pearl, these tables bring a touch of elegance to any space. The minimalistic peg legs provide a sturdy yet stylish foundation, ensuring the tables remain both functional and visually appealing. Ideal for modern interiors, these tables combine simplicity with sophisticated materials, making them a refined addition to your home decor.</span></p>",leidenschaft.in,Furniture > Tables > Accent Tables,Tables,"Essentials, Tables",true,Title,Default Title,,,,,,,,LD-ST-018,10000.0,shopify,100,deny,manual,12000.00,,true,true,,,,,"",https://cdn.shopify.com/s/files/1/0946/4214/3527/files/66bc6a057d14dde6fa256819_134.jpg?v=1757232914,1,"",false,,,,,,,,,,,,,,"D | 11 IN,  H | 22 IN",Engineered Concrete Finish,Engineered Concrete | Engineered Wood | Metal ,,,,,,,,,,,,,,,,,,kg,,,active
pearl-peg-table,,,,,,,,,,,,,,,,,,,,,,,,,,,,,,,,https://cdn.shopify.com/s/files/1/0946/4214/3527/files/66bc6a05a7a6a8a842891fae_133.jpg?v=1757232914,2,"",,,,,,,,,,,,,,,,,,,,,,,,,,,,,,,,,,,,,,
pearl-peg-table,,,,,,,,,,,,,,,,,,,,,,,,,,,,,,,,https://cdn.shopify.com/s/files/1/0946/4214/3527/files/66bc6a05a9aea3a47d896d44_132.jpg?v=1757232914,3,"",,,,,,,,,,,,,,,,,,,,,,,,,,,,,,,,,,,,,,
pearl-peg-table,,,,,,,,,,,,,,,,,,,,,,,,,,,,,,,,https://cdn.shopify.com/s/files/1/0946/4214/3527/files/66bc69fe71b64904b15429b0_131.jpg?v=1757232913,4,"",,,,,,,,,,,,,,,,,,,,,,,,,,,,,,,,,,,,,,
sage-stone-table,Sage Stone Table,"<p>Sage Mono is a robust coffee table with a thick, strong pillar base that exudes warmth and strength.<br>The sage green color with aggregate texture adds a natural, earthy charm to any living space. Featuring a contrast tactile print on the base, this table blends functionality with tactile appeal. PillarWarmth invites you to relax and unwind in its cozy ambiance, making it a perfect centerpiece for modern interiors seeking both style and substance.</p>",leidenschaft.in,Furniture > Tables > Accent Tables > Coffee Tables,Tables,"Essentials, Tables",true,Title,Default Title,,,,,,,,LD-ST-019,26000.0,shopify,100,deny,manual,32500.00,,true,true,,,,,"",https://cdn.shopify.com/s/files/1/0946/4214/3527/files/fd.png?v=1758279011,1,"",false,,,,,,,,,,,,,,H: 22 in | Dia: 20 in,Concrete | Brass | Metal,Engineered Concrete | Engineered Wood ,,,,,,,,,,,,,,,,,,kg,,,active
sage-stone-table,,,,,,,,,,,,,,,,,,,,,,,,,,,,,,,,https://cdn.shopify.com/s/files/1/0946/4214/3527/files/0V8A0505_-_Copy_f9eede8a-8a68-45df-a707-6131d5b090c0.jpg?v=1758279011,2,"",,,,,,,,,,,,,,,,,,,,,,,,,,,,,,,,,,,,,,
sage-stone-table,,,,,,,,,,,,,,,,,,,,,,,,,,,,,,,,https://cdn.shopify.com/s/files/1/0946/4214/3527/files/0V8A0508_8f68df95-586f-40cc-bfd4-e844ee683463.jpg?v=1758279092,3,"",,,,,,,,,,,,,,,,,,,,,,,,,,,,,,,,,,,,,,
loam-crest-tables,Loam Crest Table,"<p><meta charset=""utf-8"">Balanced geometry in tonal greys. The Loam Crest Tables feature tapered conical pedestals crafted from engineered concrete with a distinctive gradient finish, lighter grey at the base deepening to charcoal at the bowl-shaped crown. Each piece includes a spherical accent element, creating functional sculpture with architectural presence. The engineered wood and metal internal structure ensures stability while maintaining elegant proportions. </p>",leidenschaft.in,Furniture > Tables > Accent Tables,Tables,"Malleka 2024 I, Tables",true,Title,Default Title,,,,,,,,LD-ST-031,27000.0,shopify,100,deny,manual,88000.00,,true,true,,,,,"",https://cdn.shopify.com/s/files/1/0946/4214/3527/files/120_6fddd5cc-b3db-40de-9859-6482bb51025b.jpg?v=1757232661,1,"",false,,"Balanced geometry in tonal greys. The Loam Crest Tables feature tapered conical pedestals crafted from engineered concrete with a distinctive gradient finish, lighter grey at the base deepening to charcoal at the bowl-shaped crown. Each piece includes a spherical accent element, creating functional sculpture with architectural presence. The engineered wood and metal internal structure ensures stability while maintaining elegant proportions.

Available as a set of two pieces. ",,,,,,,,,,,,"H: 28.6 in (L) , 24.6 in (S) | W: 12 in (L),  10 in (S) | L: 13.7 in (L), 11.9 in (S)",Engineered Concrete Finish,Engineered Concrete | Engineered Wood | Metal ,,,,,,,,,,,,,,,,,,kg,,,active
loam-crest-tables,,,,,,,,,,,,,,,,,,,,,,,,,,,,,,,,https://cdn.shopify.com/s/files/1/0946/4214/3527/files/121_c0722042-6d8a-4f0d-90a1-bbf09afd998b.jpg?v=1757232661,2,"",,,,,,,,,,,,,,,,,,,,,,,,,,,,,,,,,,,,,,
shroom,Shroom,"<p><span>Shroom is a unique table with a mushroom-inspired top featuring a pinched print design. This tactile print allows you to feel and experience the design with touch, enhancing the sensory appeal of the table. With a Wabi-Sabi vibe and just a hint of graphic detail, Shroom blends natural elegance with artistic simplicity. It’s more than just a table; it’s a conversation piece that adds character and tactile beauty to your living space.</span></p>",leidenschaft.in,Furniture > Tables > Accent Tables,Tables,"Essentials, Tables",true,Title,Default Title,,,,,,,,LD-ST-017,25000.0,shopify,100,deny,manual,22500.00,,true,true,,,,,"",https://cdn.shopify.com/s/files/1/0946/4214/3527/files/66b9f74c739b63cd308a29a6_31.jpg?v=1757232392,1,"",false,,,,,,,,,,,,,,"D | 30X30 IN,  H | 22.5 IN",Concrete Finish,Engineered Concrete | Engineered Wood ,,,,,,,,,,,,,,,,,,kg,,,active
shroom,,,,,,,,,,,,,,,,,,,,,,,,,,,,,,,,https://cdn.shopify.com/s/files/1/0946/4214/3527/files/66b9f7529e3b27c5db96a743_34.jpg?v=1757232392,2,"",,,,,,,,,,,,,,,,,,,,,,,,,,,,,,,,,,,,,,
shroom,,,,,,,,,,,,,,,,,,,,,,,,,,,,,,,,https://cdn.shopify.com/s/files/1/0946/4214/3527/files/66b9f752df24c45427d15e3d_33.jpg?v=1757232392,3,"",,,,,,,,,,,,,,,,,,,,,,,,,,,,,,,,,,,,,,
shroom,,,,,,,,,,,,,,,,,,,,,,,,,,,,,,,,https://cdn.shopify.com/s/files/1/0946/4214/3527/files/66b9f752b65e1599cb029740_32.jpg?v=1757232392,4,"",,,,,,,,,,,,,,,,,,,,,,,,,,,,,,,,,,,,,,
luna,Luna,"<p><span>The Luna Side Tables are a testament to the beauty of minimalistic design, where form meets function effortlessly. Each table features a concrete base with an undulated crater effect, meticulously crafted through a delicate application and artistic pigmentation process. This unique texture adds a captivating, organic touch, transforming these functional pieces into stunning works of art. The Luna Side Tables not only serve their purpose with grace but also bring a sense of understated elegance and natural charm to any modern or industrial-themed space. They are more than just side tables; they are an artistic expression, a conversation starter, and a testament to thoughtful design.</span></p>",leidenschaft.in,Furniture > Tables > Accent Tables > End Tables,Tables,"Malleka 2024 I, Tables",true,Size,Small,,,,,,,,LD-ST-034,25000.0,shopify,100,deny,manual,22000.00,,true,true,,,,,"",https://cdn.shopify.com/s/files/1/0946/4214/3527/files/128.jpg?v=1757232251,1,"",false,,,,,,,,,,,,,,"Dia: 22 in (L) , 18 in (M) , 14 in (S) | H: 22 in (L), 23 in (M) , 27 in (S)",Engineered Concrete Finish ,Engineered Concrete | Brass | Engineered Wood | Metal ,,,,,,,,,,,,,,,,,,kg,,,active
luna,,,,,,,,,Medium,,,,,,,,LD-ST-034,28000.0,shopify,100,deny,manual,24000.00,,true,true,,,,,"",https://cdn.shopify.com/s/files/1/0946/4214/3527/files/129.jpg?v=1757232251,2,"",,,,,,,,,,,,,,,,,,,,,,,,,,,,,,,,,,,kg,,,
luna,,,,,,,,,Large,,,,,,,,LD-ST-034,30000.0,shopify,100,deny,manual,28000.00,,true,true,,,,,"",,,,,,,,,,,,,,,,,,,,,,,,,,,,,,,,,,,,,,kg,,,
tranquil-arc,Tranquil Arc,"<p><span>Embodying a slight curve that enhances its organic appeal, the Tranquil Arc Coffee Table blends functionality with graceful design. Inspired by natural forms, this table exudes warmth and tranquility, making it a soothing addition to any living space. Its gentle curvature invites relaxation, while its functional aspects ensure practicality. Crafted to harmonize with both modern and natural aesthetics, the SereneCurve Coffee Table promises to elevate your home with its serene presence.</span></p>",leidenschaft.in,Furniture > Tables > Accent Tables > Coffee Tables,Seating,"Essentials, Seating",true,Title,Default Title,,,,,,,,LD-SE-010,30000.0,shopify,100,deny,manual,42500.00,,true,true,,,,,"",https://cdn.shopify.com/s/files/1/0946/4214/3527/files/66bc6d8cf9323cbd7a99057c_141.jpg?v=1757232138,1,"",false,,,,,,,,,,,,,,"H  | 17 IN,  W | 30 IN,   L   | 46 IN",Engineered Concrete Finish,Engineered Concrete | Engineered Wood ,,,,,,,,,,,,,,,,,,kg,,,active
tranquil-arc,,,,,,,,,,,,,,,,,,,,,,,,,,,,,,,,https://cdn.shopify.com/s/files/1/0946/4214/3527/files/66bc6d95351864690572f0ca_142.jpg?v=1757232139,2,"",,,,,,,,,,,,,,,,,,,,,,,,,,,,,,,,,,,,,,
tranquil-arc,,,,,,,,,,,,,,,,,,,,,,,,,,,,,,,,https://cdn.shopify.com/s/files/1/0946/4214/3527/files/66bc6d95f9323cbd7a991476_143.jpg?v=1757232138,3,"",,,,,,,,,,,,,,,,,,,,,,,,,,,,,,,,,,,,,,
tranquil-arc,,,,,,,,,,,,,,,,,,,,,,,,,,,,,,,,https://cdn.shopify.com/s/files/1/0946/4214/3527/files/66bc6d95351864690572f00f_144.jpg?v=1757232138,4,"",,,,,,,,,,,,,,,,,,,,,,,,,,,,,,,,,,,,,,
abacus-chair,Abacus Chair,"<p><span>The Abacus Chair is a sculptural statement piece crafted from concrete, blending solidity with playfulness. Featuring an abacus on its sides, it adds an interactive, dynamic element to its bold form. Designed to be both functional and artistic, it stands out in any space, making it a striking focal point.</span></p>",leidenschaft.in,Furniture > Chairs,Seating,"Malleka 2025, Seating",true,Title,Default Title,,,,,,,,LD CH1 ID,80000.0,shopify,100,deny,manual,175000.00,,true,true,,,,,"",https://cdn.shopify.com/s/files/1/0946/4214/3527/files/195.jpg?v=1757232007,1,"",false,,,,,,,,,,,,,,H: 35 in | W: 31.6 in | L: 34.6 in,Smooth Concrete,Engineered Concrete | Engineered Wood | Metal ,,,hard,,brown,,,,,,,,hard,,,,,kg,,,active
abacus-chair,,,,,,,,,,,,,,,,,,,,,,,,,,,,,,,,https://cdn.shopify.com/s/files/1/0946/4214/3527/files/196.jpg?v=1757232007,2,"",,,,,,,,,,,,,,,,,,,,,,,,,,,,,,,,,,,,,,
loam-crest-brass-table,Loam Crest Brass Table,"<p><span>In these tables, chaos and precision exist in quiet tension, creating a presence that is both grounding and provocative. The raw, organic essence of bark juxtaposed against the strict geometry of form challenges expectations, offering a tactile contrast that is both seen and felt. A bold statement in any space, the Loam Crest Tables Brass are an invitation to embrace asymmetry, materiality, and the art of balance.</span></p>",leidenschaft.in,Furniture > Tables > Accent Tables,Seating,"Malleka 2025, Seating",true,Title,Default Title,,,,,,,,LD ST3 ID,27000.0,shopify,99,deny,manual,125000.00,,true,true,,,,,"",https://cdn.shopify.com/s/files/1/0946/4214/3527/files/197.jpg?v=1757232573,1,"",false,,,,,,,,,,,,,,"H: 28.6 in (L), 24.6 in (S) | Dia: 12 in (L), 10 in (S)",Textured Concrete,Engineered Concrete | Engineered Wood | Metal | Casted Brass ,,,,,,,,,,,,,,,,,,kg,,,active
loam-crest-brass-table,,,,,,,,,,,,,,,,,,,,,,,,,,,,,,,,https://cdn.shopify.com/s/files/1/0946/4214/3527/files/179.jpg?v=1757232573,2,"",,,,,,,,,,,,,,,,,,,,,,,,,,,,,,,,,,,,,,
boulder-chair,Boulder Chair,"<p><meta charset=""utf-8"">Monolithic design in mixed materials. The Boulder Chair features a striking circular backrest and seat crafted from engineered concrete, supported by three tapered legs in engineered wood. The grey concrete showcases subtle textural variations while brass accents add refined detail at the junction points. The moon-like backrest creates dramatic visual impact while providing ergonomic support, transforming functional seating into contemporary sculpture.</p>",leidenschaft.in,Furniture > Chairs,Seating,"Malleka 2024 I, Seating",true,Title,Default Title,,,,,,,,LD-CH-33,20000.0,shopify,99,deny,manual,55000.00,,true,true,,,,,"",https://cdn.shopify.com/s/files/1/0946/4214/3527/files/123.jpg?v=1757231849,1,"",false,,,,,,,,,,,,,,H: 32 in | W: 17.9 in | L: 21.7 in,Engineered Concrete Finish,Engineered Concrete | Engineered Wood | Brass ,,,hard,,gray,,,,,,,,hard,,,,,kg,,,active
boulder-chair,,,,,,,,,,,,,,,,,,,,,,,,,,,,,,,,https://cdn.shopify.com/s/files/1/0946/4214/3527/files/124.jpg?v=1757231849,2,"",,,,,,,,,,,,,,,,,,,,,,,,,,,,,,,,,,,,,,
discord-bench,Discord Coffee Table,"<p data-start=""106"" data-end=""448"">Cast in engineered concrete, its surface feels almost geological, as if shaped by time rather than tools. The form resists symmetry. One end rests on a grounded, conical base. The other balances on stacked, textured brass spheres that catch light differently through the day. Stability and tension exist together. That is where Discord lives.</p>
<p data-start=""450"" data-end=""698"">The concrete carries a soft, matte tactility. Cool to the touch. Visually weightless despite its substance. The brass introduces contrast. Warmer. Reflective. Alive with texture. Together, they create a dialogue between permanence and imperfection.</p>
<p data-start=""700"" data-end=""807"">Discord is not designed to blend in. It is designed to anchor a room. To give the space around it a centre.</p>",leidenschaft.in,Furniture > Benches,Seating,"Malleka 2025, Seating",true,Title,Default Title,,,,,,,,LD BCH1 ID,62000.0,shopify,99,deny,manual,145000.00,,true,true,,,,,"",https://cdn.shopify.com/s/files/1/0946/4214/3527/files/181.jpg?v=1757231755,1,"",false,,,,,,,,,,,,,,H: 20 in | W: 18 in | L: 51.6 in,Textured Concrete,Engineered Concrete | Engineered Wood | Textured Brass ,,,,,black; gold,,,,concrete; metal,,,,,,,,,kg,,,active
discord-bench,,,,,,,,,,,,,,,,,,,,,,,,,,,,,,,,https://cdn.shopify.com/s/files/1/0946/4214/3527/files/178.jpg?v=1757231755,2,"",,,,,,,,,,,,,,,,,,,,,,,,,,,,,,,,,,,,,,
discord-bench,,,,,,,,,,,,,,,,,,,,,,,,,,,,,,,,https://cdn.shopify.com/s/files/1/0946/4214/3527/files/180.jpg?v=1757231755,3,"",,,,,,,,,,,,,,,,,,,,,,,,,,,,,,,,,,,,,,
discord-bench,,,,,,,,,,,,,,,,,,,,,,,,,,,,,,,,https://cdn.shopify.com/s/files/1/0946/4214/3527/files/182.jpg?v=1757231755,4,"",,,,,,,,,,,,,,,,,,,,,,,,,,,,,,,,,,,,,,
serenity-console,Serenity Console,"<p><span>The Serenity Console combines simplicity and functionality with its textured surface and adaptable design. Crafted to serve as both a storage solution and a decorative piece, this console features a calm, understated presence that seamlessly fits into any interior. The textured finish adds a touch of visual interest, while the ample storage space ensures practicality. Perfect for living rooms, hallways, or bedrooms, the Serenity Console brings a sense of tranquility and organization to your home.</span></p>",leidenschaft.in,Furniture > Tables > Accent Tables > Sofa Tables,Tables,"Essentials, Storage Unit",true,Title,Default Title,,,,,,,,LD-CC-009,32000.0,shopify,99,deny,manual,32000.00,,true,true,,,,,,https://cdn.shopify.com/s/files/1/0946/4214/3527/files/66b9f42a5e3c15b809115e7d_41.jpg?v=1757231408,1,"",false,,,,,,,,,,,,,,"H  | 28 IN,  W | 24 IN",Engineered concrete,Engineered Concrete | Engineered Wood ,,,,,,,,,,,,,,,,,,kg,,,active
serenity-console,,,,,,,,,,,,,,,,,,,,,,,,,,,,,,,,https://cdn.shopify.com/s/files/1/0946/4214/3527/files/66b9f431c7837d8e81dc794d_43.jpg?v=1757231408,2,"",,,,,,,,,,,,,,,,,,,,,,,,,,,,,,,,,,,,,,
serenity-console,,,,,,,,,,,,,,,,,,,,,,,,,,,,,,,,https://cdn.shopify.com/s/files/1/0946/4214/3527/files/66b9f4312320be5a2e478a3f_42.jpg?v=1757231408,3,"",,,,,,,,,,,,,,,,,,,,,,,,,,,,,,,,,,,,,,
trilume-lamp,Trilume Lamp,"<p><meta charset=""utf-8"">Fluid sculpture brings warmth to modern spaces. The Trilume Lamp showcases an organically twisted column combining engineered concrete and engineered wood, creating a striking interplay of textures. The sculptural base flows upward to support a circular metal-accented light element that casts warm, ambient illumination. This artistic floor lamp serves as both functional lighting and a contemporary statement piece for living rooms, reading corners, or gallery-like interiors.</p>",leidenschaft.in,Home & Garden > Lighting > Lamps > Floor Lamps,Light,"Light, Malleka 2024 I",true,Title,Default Title,,,,,,,,LD-LT-026,46200.0,shopify,100,deny,manual,175000.00,,true,true,,,,,"",https://cdn.shopify.com/s/files/1/0946/4214/3527/files/108.jpg?v=1757231220,1,"",false,,,,,,,,,,,,,,H: 66 in | Dia: 14 in,Engineered Concrete Finish,Engineered Concrete | Engineered Wood | Metal ,,,,,brown; beige,,,,,warm-white,,,,,,,,kg,,,active
trilume-lamp,,,,,,,,,,,,,,,,,,,,,,,,,,,,,,,,https://cdn.shopify.com/s/files/1/0946/4214/3527/files/109.jpg?v=1757231220,2,"",,,,,,,,,,,,,,,,,,,,,,,,,,,,,,,,,,,,,,
trilume-lamp,,,,,,,,,,,,,,,,,,,,,,,,,,,,,,,,https://cdn.shopify.com/s/files/1/0946/4214/3527/files/110.jpg?v=1757231220,3,"",,,,,,,,,,,,,,,,,,,,,,,,,,,,,,,,,,,,,,
trilume-lamp,,,,,,,,,,,,,,,,,,,,,,,,,,,,,,,,https://cdn.shopify.com/s/files/1/0946/4214/3527/files/111.jpg?v=1757231220,4,"",,,,,,,,,,,,,,,,,,,,,,,,,,,,,,,,,,,,,,
trilume-lamp,,,,,,,,,,,,,,,,,,,,,,,,,,,,,,,,https://cdn.shopify.com/s/files/1/0946/4214/3527/files/112.jpg?v=1757231220,5,"",,,,,,,,,,,,,,,,,,,,,,,,,,,,,,,,,,,,,,
trilume-lamp,,,,,,,,,,,,,,,,,,,,,,,,,,,,,,,,https://cdn.shopify.com/s/files/1/0946/4214/3527/files/113.jpg?v=1757231220,6,"",,,,,,,,,,,,,,,,,,,,,,,,,,,,,,,,,,,,,,
rise-table-lamp-table-lamp-conical,Rise Table Lamp (Table lamp Conical),"<p><span>A poetic expression of organic evolution, the Rise Table Lamp captures the essence of natural form in motion. Its fluid silhouette gives the impression of continuous growth, as if the lamp itself is alive and reaching outward. Two luminous light sources emerge from the structure, casting a soft, nurturing glow that enhances its sculptural presence.</span></p>",leidenschaft.in,Home & Garden > Lighting > Lamps > Table Lamps,Light,"Light, Malleka 2024 II",true,Title,Default Title,,,,,,,,LD-LT-040,8000.0,shopify,100,deny,manual,28000.00,,true,true,,,,,"",https://cdn.shopify.com/s/files/1/0946/4214/3527/files/165.jpg?v=1757231145,1,"",false,,,,,,,,,,,,,,Dia: 8 in | H: 21 in,,Engineered Concrete | Engineered Wood | Metal ,,,,,beige; brown,,,,,warm-white,,,,,,,,kg,,,active
rise-table-lamp-table-lamp-conical,,,,,,,,,,,,,,,,,,,,,,,,,,,,,,,,https://cdn.shopify.com/s/files/1/0946/4214/3527/files/166.jpg?v=1757231145,2,"",,,,,,,,,,,,,,,,,,,,,,,,,,,,,,,,,,,,,,
rise-table-lamp-table-lamp-conical,,,,,,,,,,,,,,,,,,,,,,,,,,,,,,,,https://cdn.shopify.com/s/files/1/0946/4214/3527/files/167.jpg?v=1757231145,3,"",,,,,,,,,,,,,,,,,,,,,,,,,,,,,,,,,,,,,,
rise-table-lamp-table-lamp-conical,,,,,,,,,,,,,,,,,,,,,,,,,,,,,,,,https://cdn.shopify.com/s/files/1/0946/4214/3527/files/168.jpg?v=1757231145,4,"",,,,,,,,,,,,,,,,,,,,,,,,,,,,,,,,,,,,,,
discord-floor-lamp,Discord Floor Lamp,"<p><span>A striking interplay of form and light, the Discord Floor Lamp features a raw concrete hemisphere seemingly poised on the edge of equilibrium, casting its glow onto a brass disc. The composition is at once grounded and weightless, a moment of balance captured in stillness.</span></p>",leidenschaft.in,Home & Garden > Lighting > Lamps > Floor Lamps,Light,"Light, Malleka 2025",true,Title,Default Title,,,,,,,,LD -FL2- ID,46000.0,shopify,99,deny,manual,200000.00,,true,true,,,,,"",https://cdn.shopify.com/s/files/1/0946/4214/3527/files/198_b59e2102-9781-41f6-b87e-b362c3e18307.jpg?v=1757231064,1,"",false,,,,,,,,,,,,,,H: 58.6 in | W: 18 in | L: 18 in ,Textured Concrete,Engineered Concrete | Engineered Wood | Metal | Textured Brass,,,,,,,,,,,,,,,,,,kg,,,active
discord-floor-lamp,,,,,,,,,,,,,,,,,,,,,,,,,,,,,,,,https://cdn.shopify.com/s/files/1/0946/4214/3527/files/199_4086a567-07d8-4db0-983b-7d0193f02bdb.jpg?v=1757231064,2,"",,,,,,,,,,,,,,,,,,,,,,,,,,,,,,,,,,,,,,
discord-table-lamp,Discord Table Lamp,"<p>A concrete hemisphere delicately balances on its edge, seemingly defying gravity as it casts a warm, diffused glow onto a brass disc. The composition feels both precarious and intentional, a study intension and harmony—where raw materiality meets the softness of reflected light. A quiet yet powerful moment, suspended in time.</p>",leidenschaft.in,Home & Garden > Lighting > Lamps > Table Lamps,Light,"Light, Malleka 2025",true,Title,Default Title,,,,,,,,LD tl2 -ID,3500.0,shopify,100,deny,manual,35000.00,,true,true,,,,,"",https://cdn.shopify.com/s/files/1/0946/4214/3527/files/mallika_14feb5955.jpg?v=1761825123,1,"",false,,,,,,,,,,,,,,H: 17 in | W: 8 in | L: 8.4 in,Textured Concreate,Engineered Concrete | Engineered Wood | Metal | Textured Brass ,,,,,black; gold,,,,,warm-white,,,,,,,,kg,,,active
discord-table-lamp,,,,,,,,,,,,,,,,,,,,,,,,,,,,,,,,https://cdn.shopify.com/s/files/1/0946/4214/3527/files/210.jpg?v=1761825123,2,"",,,,,,,,,,,,,,,,,,,,,,,,,,,,,,,,,,,,,,
synergy,Synergy,"<p><span>A masterpiece of organic form and balance, the Synergy Table Lamp evokes a delicate interplay of duality and unity. Two distinct yet intertwined elements appear to support one another, creating a sense of fluidity and harmony. With two spherical light sources radiating a soft, ethereal glow, the lamp seems to evolve in real-time, almost as if it were alive. The design speaks to an intimate dialogue between opposites, capturing a moment of stillness in motion.</span></p>",leidenschaft.in,Home & Garden > Lighting > Lamps > Table Lamps,Light,"Light, Malleka 2024 II",true,Title,Default Title,,,,,,,,LD-LT-037,5000.0,shopify,100,deny,manual,28000.00,,true,true,,,,,"",https://cdn.shopify.com/s/files/1/0946/4214/3527/files/163.jpg?v=1757230838,1,"",false,,,,,,,,,,,,,,H: 14.5 in | W: 9 in | L: 16.5 in,,Engineered Concrete | Engineered Wood | Metal ,,,,,beige; brown,,,,,warm-white,,,,,,,,kg,,,active
synergy,,,,,,,,,,,,,,,,,,,,,,,,,,,,,,,,https://cdn.shopify.com/s/files/1/0946/4214/3527/files/162.jpg?v=1757230838,2,"",,,,,,,,,,,,,,,,,,,,,,,,,,,,,,,,,,,,,,
synergy,,,,,,,,,,,,,,,,,,,,,,,,,,,,,,,,https://cdn.shopify.com/s/files/1/0946/4214/3527/files/164.jpg?v=1757230838,3,"",,,,,,,,,,,,,,,,,,,,,,,,,,,,,,,,,,,,,,
lume-lamp,Lume Lamp,"<p><meta charset=""utf-8"">Primitive elegance illuminated. The Lume Lamp features a sculptural wall-mounted design where rough-textured beige concrete forms an organic, stone-like housing around a glowing white orb. The engineered concrete showcases natural sandy tones with earthy texture, while the curved engineered wood arm extends gracefully from the wall. Metal internal components ensure secure mounting and electrical safety. This artistic sconce brings warm ambient lighting with gallery-worthy presence.</p>",leidenschaft.in,Home & Garden > Lighting > Lamps,Light,"Light, Malleka 2024 I",true,Title,Default Title,,,,,,,,LD-LT-027,32000.0,shopify,99,deny,manual,125000.00,,true,true,,,,,"",https://cdn.shopify.com/s/files/1/0946/4214/3527/files/127.jpg?v=1757230769,1,"",false,,,,,,,,,,,,,,H: 64 in | Dia: 11.6 in,Engineered Concrete Finish,Engineered Concrete | Engineered Wood | Metal ,,,,,black; gray; brown; beige,,,,,warm-white,,,,,,,,kg,,,active
lume-lamp,,,,,,,,,,,,,,,,,,,,,,,,,,,,,,,,https://cdn.shopify.com/s/files/1/0946/4214/3527/files/125.jpg?v=1757230769,2,"",,,,,,,,,,,,,,,,,,,,,,,,,,,,,,,,,,,,,,
lume-lamp,,,,,,,,,,,,,,,,,,,,,,,,,,,,,,,,https://cdn.shopify.com/s/files/1/0946/4214/3527/files/126.jpg?v=1757230769,3,"",,,,,,,,,,,,,,,,,,,,,,,,,,,,,,,,,,,,,,
drape-hanging-light,Drape Hanging Light,"<p><span>A suspended moment of harmony, the Drape Hanging Light N2 features an organic concrete form delicately meeting with two alabaster bulbs. The interplay of weight and lightness creates a sculptural statement—both functional and atmospheric, bringing a quiet glow to any space.</span></p>",leidenschaft.in,Home & Garden > Lighting > Lighting Fixtures > Ceiling Light Fixtures,Light,"Light, Malleka 2025",true,Title,Default Title,,,,,,,,LD -cl1 - id,5000.0,shopify,99,deny,manual,45000.00,,true,true,,,,,"",https://cdn.shopify.com/s/files/1/0946/4214/3527/files/207.jpg?v=1757230571,1,"",false,,,,,,,,,,,,,,H:32 in | W: 12 in | D: 4 in,Textured Concrete,Engineered Concrete | Alabaster,,,,e27,white,,,,,warm-white,,hanging,,,,,,kg,,,active
drape-hanging-light,,,,,,,,,,,,,,,,,,,,,,,,,,,,,,,,https://cdn.shopify.com/s/files/1/0946/4214/3527/files/206.jpg?v=1757230571,2,"",,,,,,,,,,,,,,,,,,,,,,,,,,,,,,,,,,,,,,
drape-table-lamp,Drape Table Lamp,"<p><span>Minimal and poetic, the Drape Table Lamp N2 refines the essence of organic form. Its quiet presence complements any space, offering a soft radiance that feels both grounding and ethereal. A seamless balance of materiality and light.</span></p>",leidenschaft.in,Home & Garden > Lighting > Lamps > Table Lamps,"","Light, Malleka 2025",true,Title,Default Title,,,,,,,,LD tl 1 -ID,3500.0,shopify,100,deny,manual,25000.00,,true,true,,,,,"",https://cdn.shopify.com/s/files/1/0946/4214/3527/files/211.jpg?v=1757230364,1,"",false,,,,,,,,,,,,,,H: 16 in | Dia :9 in,Smooth Concrete,Engineered Concrete | Engineered Wood | Alabaster ,,,,,,,,,,,,,,,,,,kg,,,active
drape-table-lamp,,,,,,,,,,,,,,,,,,,,,,,,,,,,,,,,https://cdn.shopify.com/s/files/1/0946/4214/3527/files/212.jpg?v=1757230364,2,"",,,,,,,,,,,,,,,,,,,,,,,,,,,,,,,,,,,,,,
stratum,Stratum,"<p><span>Stratum is a suspended artwork featuring three oval-shaped boards, each adorned with fluid graphic prints. Handmade from concrete with soft, rounded edges, this piece transforms any space with its unique design. When viewed from a specific angle, the lines on each board align perfectly, revealing a mesmerizing connection. Stratum invites you to explore the hidden harmony and unity within, making it a thought-provoking addition to your decor.</span></p>",leidenschaft.in,Home & Garden > Decor > Artwork > Sculptures & Statues,Artworks,"Artworks, Malleka 2024 I",true,Title,Default Title,,,,,,,,LD-WA-036,54000.0,shopify,100,deny,manual,145000.00,,true,true,,,,,"",https://cdn.shopify.com/s/files/1/0946/4214/3527/files/133.jpg?v=1757229474,1,"",false,,,,,,,,,,,,,,"Dia: 48 in (L), 36 in (M), 24 in (S) ",Engineered Concrete Finish,Engineered Concrete | Engineered Wood,,,,,geometric,concrete,,,,,,,,,,art; modern,,kg,,,active
stratum,,,,,,,,,,,,,,,,,,,,,,,,,,,,,,,,https://cdn.shopify.com/s/files/1/0946/4214/3527/files/134.jpg?v=1757229474,2,"",,,,,,,,,,,,,,,,,,,,,,,,,,,,,,,,,,,,,,
stratum,,,,,,,,,,,,,,,,,,,,,,,,,,,,,,,,https://cdn.shopify.com/s/files/1/0946/4214/3527/files/135.jpg?v=1757229474,3,"",,,,,,,,,,,,,,,,,,,,,,,,,,,,,,,,,,,,,,
isle-n1,Isle N1,"<p><span>Isle is a captivating wall art panel that celebrates the fluid essence of polymerized concrete. Handcrafted to capture the material's dynamic movement, this piece appears to freeze time, preserving the raw beauty of concrete in motion. Inspired by the natural elegance of an atoll, it transforms any space with its serene yet powerful presence. Isleinvites you to explore the harmonious dance of stillness and flow, making it a striking addition to your decor.</span></p>",leidenschaft.in,"Home & Garden > Decor > Artwork > Posters, Prints, & Visual Artwork > Visual Artwork",Artworks,"Artworks, Malleka 2024 I",true,Title,Default Title,,,,,,,,LD-WA-047,15000.0,shopify,100,deny,manual,95000.00,,true,true,,,,,"",https://cdn.shopify.com/s/files/1/0946/4214/3527/files/132.jpg?v=1757229398,1,"",false,,,,,,,,,,,,,,H: 50 in | W: 18 in | D: 4 in,Engineered Concrete Finish,Engineered Concrete | Engineered Wood | Metal ,,,,,beige,,framed; modern,,,,,,,,,art; nature,,kg,,,active
discord-wall-panel,Discord Wall Panel,"<p><span>Layers of overlapping concrete panels create a dynamic, textured composition—an interplay of depth and shadow. The Discord Wall Panel transforms the wall into a living surface, where solidity meets movement in an ever-shifting dialogue of form.</span></p>",leidenschaft.in,Hardware > Building Materials > Wall Paneling,Artworks,"Artworks, Malleka 2025",true,Title,Default Title,,,,,,,,LD ART1 -ID,35000.0,shopify,98,deny,manual,175000.00,,true,true,,,,,"",https://cdn.shopify.com/s/files/1/0946/4214/3527/files/200.jpg?v=1757229294,1,"",false,,,,,,,,,,,,,,( Front ) H 69 in W 34 in | ( Middle ) D 48 in H 24 in | ( Back ) H 24 in W 17 in,Combination Smooth and Textured Concrete,Engineered Concrete | Engineered Wood | Metal | Textured Brass,,,,,brown; gray,,,,,,,,,,,,,kg,,,active
discord-wall-panel,,,,,,,,,,,,,,,,,,,,,,,,,,,,,,,,https://cdn.shopify.com/s/files/1/0946/4214/3527/files/202.jpg?v=1757229294,2,"",,,,,,,,,,,,,,,,,,,,,,,,,,,,,,,,,,,,,,
discord-wall-panel,,,,,,,,,,,,,,,,,,,,,,,,,,,,,,,,https://cdn.shopify.com/s/files/1/0946/4214/3527/files/201.jpg?v=1757229295,3,"",,,,,,,,,,,,,,,,,,,,,,,,,,,,,,,,,,,,,,
isle-n2,Isle N2,"<p><span>Isle is a captivating wall art panel that celebrates the fluid essence of polymerized concrete. Handcrafted to capture the material's dynamic movement, this piece appears to freeze time, preserving the raw beauty of concrete in motion. Inspired by the natural elegance of an atoll, it transforms any space with its serene yet powerful presence. Isleinvites you to explore the harmonious dance of stillness and flow, making it a striking addition to your decor.</span></p>",leidenschaft.in,"Home & Garden > Decor > Artwork > Posters, Prints, & Visual Artwork > Visual Artwork",Artworks,"Artworks, Malleka 2024 I",true,Title,Default Title,,,,,,,,LD-WA-035,8000.0,shopify,99,deny,manual,75000.00,,true,true,,,,,"",https://cdn.shopify.com/s/files/1/0946/4214/3527/files/130.jpg?v=1757229183,1,"",false,,,,,,,,,,,,,,H: 50 in | W: 14 in | D: 4 in,Engineered Concrete Finish,Engineered Concrete | Engineered Wood | Metal ,,,,,white; gray,,unframed,,,,,,,,,nature; art,,kg,,,active
isle-n2,,,,,,,,,,,,,,,,,,,,,,,,,,,,,,,,https://cdn.shopify.com/s/files/1/0946/4214/3527/files/131.jpg?v=1757229183,2,"",,,,,,,,,,,,,,,,,,,,,,,,,,,,,,,,,,,,,,
abacus-swatch,Abacus Swatch,"<p><span>Combining our worlds into one object, the Abacus Swatch displays the textures of innovation at Leidenschaft Studio. A tactile exploration of materiality, it serves as a bridge between tradition and experimentation, offering a glimpse into the studio’s design philosophy. Each detail reflects a commitment to craftsmanship, where raw elements merge to form a singular, expressive composition.</span></p>",leidenschaft.in,Arts & Entertainment > Hobbies & Creative Arts > Arts & Crafts > Art & Crafting Materials > Embellishments & Trims > Loose Stones,Artworks,"Artworks, Malleka 2025",true,Title,Default Title,,,,,,,,LD art2 ID,100000.0,shopify,99,deny,manual,225000.00,,true,true,,,,,"",https://cdn.shopify.com/s/files/1/0946/4214/3527/files/208.jpg?v=1757228852,1,"",false,,,,,,,,,,,,,,H: 60 in | W: 25 in | L: 80 in,Conbination of Smooth and Textured Concrete,Engineered Concrete | Engineered Wood | Metal,,,,,,,,,,,,,,,,,,kg,,,active
abacus-swatch,,,,,,,,,,,,,,,,,,,,,,,,,,,,,,,,https://cdn.shopify.com/s/files/1/0946/4214/3527/files/209.jpg?v=1757228852,2,"",,,,,,,,,,,,,,,,,,,,,,,,,,,,,,,,,,,,,,
terra-fold,Terra Fold Mirror,"<p><span>This wall artwork captures the essence of intuitive emotions, offering a profound connection between artist and viewer. Its fluid forms seem to evolve organically, inviting quiet contemplation and reflection. With a strong yet subtle presence, the piece radiates serenity, transforming any space into a meditative environment. Its textured layers, crafted with meticulous care, speak to the inner journey of the artist, bringing depth and meaning to your interior. A quiet masterpiece that resonates with a sense of timeless beauty and introspection.</span></p>",leidenschaft.in,"Home & Garden > Decor > Artwork > Posters, Prints, & Visual Artwork > Visual Artwork",Artworks,"Artworks, Malleka 2024 II",true,Title,Default Title,,,,,,,,LD-WA-042,43000.0,shopify,100,deny,manual,250000.00,,true,true,,,,,"",https://cdn.shopify.com/s/files/1/0946/4214/3527/files/138.jpg?v=1757228705,1,"",false,,,,,,,,,,,,,,H: 90.2 in | W: 35 in | D: 4 in,Smooth Concrete,Engineered Concrete | Mirror | Engineered Wood | Metal ,,wood,,,gray; beige; white,,modern; framed,,,,,,,,,spirituality; art; nature,,kg,,,active
terra-fold,,,,,,,,,,,,,,,,,,,,,,,,,,,,,,,,https://cdn.shopify.com/s/files/1/0946/4214/3527/files/139.jpg?v=1757228705,2,"",,,,,,,,,,,,,,,,,,,,,,,,,,,,,,,,,,,,,,
terra-fold,,,,,,,,,,,,,,,,,,,,,,,,,,,,,,,,https://cdn.shopify.com/s/files/1/0946/4214/3527/files/140.jpg?v=1757228705,3,"",,,,,,,,,,,,,,,,,,,,,,,,,,,,,,,,,,,,,,
terra-fold,,,,,,,,,,,,,,,,,,,,,,,,,,,,,,,,https://cdn.shopify.com/s/files/1/0946/4214/3527/files/141.jpg?v=1757228705,4,"",,,,,,,,,,,,,,,,,,,,,,,,,,,,,,,,,,,,,,
enclose-fluid-concrete-mirror,Enclose (Fluid concrete + Mirror),"<p><span>An exquisite embodiment of fluidity and form, the Enclose Mirror creates an immersive experience, as if the mirror itself becomes an extension of the observer. Half encasing its viewer, the mirror blends the strength of concrete with an ethereal sense of fluid motion, forming a piece that feels as sculptural as reflective. The organic curves and materiality of the design evoke a quiet dialogue between solidity and softness, inviting you to become part of the piece's narrative.</span></p>",leidenschaft.in,Home & Garden > Decor > Mirrors,Artworks,"Artworks, Malleka 2024 II",true,Title,Default Title,,,,,,,,LD-WA-038,20000.0,shopify,100,deny,manual,45000.00,,true,true,,,,,"",https://cdn.shopify.com/s/files/1/0946/4214/3527/files/142.jpg?v=1757228621,1,"",false,,,,,,,,,,,,,,H: 38 in | W: 17.5 in | D: 5 in,,Engineered Concrete | Mirror | Engineered Wood | Metal ,,,,,white; gray,,,,,,,,,free-form,,,,kg,,,active
enclose-fluid-concrete-mirror,,,,,,,,,,,,,,,,,,,,,,,,,,,,,,,,https://cdn.shopify.com/s/files/1/0946/4214/3527/files/144.jpg?v=1757228621,2,"",,,,,,,,,,,,,,,,,,,,,,,,,,,,,,,,,,,,,,
enclose-fluid-concrete-mirror,,,,,,,,,,,,,,,,,,,,,,,,,,,,,,,,https://cdn.shopify.com/s/files/1/0946/4214/3527/files/145.jpg?v=1757228621,3,"",,,,,,,,,,,,,,,,,,,,,,,,,,,,,,,,,,,,,,
abacus,Abacus,"<p><span>A dynamic fusion of art and interaction, the Abacus invites engagement through its meticulously crafted concrete spheres. Inspired by the timeless form of the abacus, this installation transforms a functional object into a sensory experience. The smooth, tactile surfaces of the spheres beckon touch, encouraging viewers to shift and move them, creating an evolving dialogue between user and material. The interplay of weight, movement, and form blurs the lines between sculpture and interaction, evoking a sense of playfulness within a medium as grounded as concrete.</span></p>",leidenschaft.in,Home & Garden > Decor > Artwork > Sculptures & Statues,Artworks,"Artworks, Malleka 2024 II",true,Title,Default Title,,,,,,,,LD-WA-039,25000.0,shopify,100,deny,manual,125000.00,,true,true,,,,,"",https://cdn.shopify.com/s/files/1/0946/4214/3527/files/147.jpg?v=1757228510,1,"",false,,,,,,,,,,,,,,L - 34 IN D-7 IN H-48 IN,,Engineered Concrete | Engineered Wood | Metal ,,,,,brown; beige; gray,concrete,,,,,,,,,,art; history,,kg,,,active
abacus,,,,,,,,,,,,,,,,,,,,,,,,,,,,,,,,https://cdn.shopify.com/s/files/1/0946/4214/3527/files/148.jpg?v=1757228510,2,"",,,,,,,,,,,,,,,,,,,,,,,,,,,,,,,,,,,,,,
abacus,,,,,,,,,,,,,,,,,,,,,,,,,,,,,,,,https://cdn.shopify.com/s/files/1/0946/4214/3527/files/149.jpg?v=1757228510,3,"",,,,,,,,,,,,,,,,,,,,,,,,,,,,,,,,,,,,,,
abacus,,,,,,,,,,,,,,,,,,,,,,,,,,,,,,,,https://cdn.shopify.com/s/files/1/0946/4214/3527/files/150.jpg?v=1757228510,4,"",,,,,,,,,,,,,,,,,,,,,,,,,,,,,,,,,,,,,,
abacus,,,,,,,,,,,,,,,,,,,,,,,,,,,,,,,,https://cdn.shopify.com/s/files/1/0946/4214/3527/files/151.jpg?v=1757228510,5,"",,,,,,,,,,,,,,,,,,,,,,,,,,,,,,,,,,,,,,
abacus,,,,,,,,,,,,,,,,,,,,,,,,,,,,,,,,https://cdn.shopify.com/s/files/1/0946/4214/3527/files/152.jpg?v=1757228510,6,"",,,,,,,,,,,,,,,,,,,,,,,,,,,,,,,,,,,,,,
terraform-console,Terraform Console,"<p><meta charset=""utf-8"">Brutalist elegance in soft grey tones. The Terraform Console features four sculpted concrete modules with organic carved openings, supported by a sleek metal frame in champagne finish. Each grey concrete module showcases unique negative space patterns, creating functional storage compartments while maintaining artistic presence. The modular design allows for customisable arrangements, transforming storage into a contemporary art installation perfect for modern living spaces.</p>",leidenschaft.in,Furniture > Cabinets & Storage > Storage Cabinets & Lockers,Console,"Console, Malleka 2024 I",true,Title,Default Title,,,,,,,,LD-SA-030,116000.0,shopify,100,deny,manual,165000.00,,true,true,,,,,"",https://cdn.shopify.com/s/files/1/0946/4214/3527/files/119.jpg?v=1757228348,1,"",false,,,,,,,,,,,,,,H: 28 in | W: 16 in | L: 68.6 in,Engineered Concrete Finish,Engineered Concrete | Engineered Wood | Metal ,,,,,,,,,,,,,,,,,,kg,,,active
evolve-console,Evolve Console,"<p><span>The Evolve Console is a striking blend of sleek modernity and raw texture, designed to be a true statement piece in any interior space. Crafted from concrete, this console features a smooth, minimalist surface on one side that transitions into a richly textured finish on the other, symbolizing a state of continual evolvement. The juxtaposition of polished and rugged surfaces creates a dynamic visual effect, capturing the essence of transformation and movement.</span></p>",leidenschaft.in,Furniture > Tables > Accent Tables > Sofa Tables,Console,"Console, Malleka 2024 I",true,Title,Default Title,,,,,,,,LD-ST-028,52000.0,shopify,99,deny,manual,150000.00,,true,true,,,,,"",https://cdn.shopify.com/s/files/1/0946/4214/3527/files/114.jpg?v=1757228288,1,"",false,,,,,,,,,,,,,,H: 36 in | W: 18 in | L: 37 in,Engineered Concrete Finish,Engineered Concrete | Engineered Wood | Metal ,,,,,,,,,,,,,,,,,,kg,,,active
evolve-console,,,,,,,,,,,,,,,,,,,,,,,,,,,,,,,,https://cdn.shopify.com/s/files/1/0946/4214/3527/files/115.jpg?v=1757228287,2,"",,,,,,,,,,,,,,,,,,,,,,,,,,,,,,,,,,,,,,
stoneflow-console,Stoneflow Console,"<p><meta charset=""utf-8"">Sculptural flow in shades of grey. The Stoneflow Console features a dramatic waterfall design where engineered concrete curves seamlessly from top to sides in a sophisticated grey gradient, light grey at the upper edges deepening to charcoal black at the base. The continuous form captures the essence of weathered stone, while engineered wood and metal reinforcements provide hidden structural integrity. This monochromatic statement piece brings fluid elegance to modern interiors.</p>",leidenschaft.in,Furniture > Tables > Accent Tables > Sofa Tables,Console,"Console, Malleka 2024 I",true,Title,Default Title,,,,,,,,LD-FT-029,43000.0,shopify,100,deny,manual,145000.00,,true,true,,,,,"",https://cdn.shopify.com/s/files/1/0946/4214/3527/files/116.jpg?v=1757228213,1,"",false,,,,,,,,,,,,,,H: 31 in | W: 18 in | L: 48 in,Engineered Concrete Finish,Engineered Concrete | Engineered Wood | Metal ,,,,,,,,,,,,,,,,,,kg,,,active
stoneflow-console,,,,,,,,,,,,,,,,,,,,,,,,,,,,,,,,https://cdn.shopify.com/s/files/1/0946/4214/3527/files/117.jpg?v=1757228213,2,"",,,,,,,,,,,,,,,,,,,,,,,,,,,,,,,,,,,,,,
mesa-console,Mesa Console,"<p><meta charset=""utf-8"">Flowing curves in contemporary materials. The Mesa Console features undulating legs crafted from engineered concrete and engineered wood, creating an organic wave-like form beneath a sleek metal-framed glass top. The sculptural base showcases the natural contrast between concrete's raw texture and wood's refined finish, while the transparent surface allows the artistic base to remain the focal point. This striking console brings functional art to modern interiors.</p>",leidenschaft.in,Furniture > Tables > Accent Tables,Console,"Console, Malleka 2024 I",true,Title,Default Title,,,,,,,,LD-FT-025,55000.0,shopify,100,deny,manual,175000.00,,true,true,,,,,"",https://cdn.shopify.com/s/files/1/0946/4214/3527/files/103.jpg?v=1757228086,1,"",false,,,,,,,,,,,,,,H: 35.6 in | W: 22 in | L: 57 in,Concrete Finish,Engineered Concrete | Brass | Engineered Wood | Metal ,,,,,,,,,,,,,,,,,,kg,,,active
mesa-console,,,,,,,,,,,,,,,,,,,,,,,,,,,,,,,,https://cdn.shopify.com/s/files/1/0946/4214/3527/files/104.jpg?v=1757228086,2,"",,,,,,,,,,,,,,,,,,,,,,,,,,,,,,,,,,,,,,
mesa-console,,,,,,,,,,,,,,,,,,,,,,,,,,,,,,,,https://cdn.shopify.com/s/files/1/0946/4214/3527/files/105.jpg?v=1757228086,3,"",,,,,,,,,,,,,,,,,,,,,,,,,,,,,,,,,,,,,,
mesa-console,,,,,,,,,,,,,,,,,,,,,,,,,,,,,,,,https://cdn.shopify.com/s/files/1/0946/4214/3527/files/106.jpg?v=1757228086,4,"",,,,,,,,,,,,,,,,,,,,,,,,,,,,,,,,,,,,,,
mesa-console,,,,,,,,,,,,,,,,,,,,,,,,,,,,,,,,https://cdn.shopify.com/s/files/1/0946/4214/3527/files/107.jpg?v=1757228086,5,"",,,,,,,,,,,,,,,,,,,,,,,,,,,,,,,,,,,,,,
harmony-dining-table,Harmony Dining Table,"<p><span>It embodies the essence of minimalistic elegance with its simple geometric shapes. Drawing inspiration from the serene Wabi-Sabi and Japandi design aesthetics, this dining table celebrates the beauty of simplicity and imperfection. Its clean lines and understated form create a harmonious and tranquil dining experience, transforming any space into a haven of calm and sophistication. Harmony is more than just a dining table; it’s a statement of timeless design and serene living.</span></p>",leidenschaft.in,Furniture > Tables > Kitchen & Dining Room Tables,Tables,"Essentials, Tables",true,Title,Default Title,,,,,,,,LD-TT-004,45000.0,shopify,100,deny,manual,93000.00,,true,true,,,,,"",https://cdn.shopify.com/s/files/1/0946/4214/3527/files/66bc483e42f5bc320d65a615_61.jpg?v=1755626103,1,"",false,,,,,,,,,,,,,,"H | 30 IN,  W | 36 IN, L | 84 IN",Concrete Finish,Engineered Concrete | Engineered Wood ,,,,,,,,,,,,,,,,,,kg,,,active
harmony-dining-table,,,,,,,,,,,,,,,,,,,,,,,,,,,,,,,,https://cdn.shopify.com/s/files/1/0946/4214/3527/files/66bc4848a874bafd926ef3a4_62.jpg?v=1755626104,2,"",,,,,,,,,,,,,,,,,,,,,,,,,,,,,,,,,,,,,,
harmony-dining-table,,,,,,,,,,,,,,,,,,,,,,,,,,,,,,,,https://cdn.shopify.com/s/files/1/0946/4214/3527/files/66bc48467fb1ea1be2fd68fb_63.jpg?v=1755626103,3,"",,,,,,,,,,,,,,,,,,,,,,,,,,,,,,,,,,,,,,
harmony-dining-table,,,,,,,,,,,,,,,,,,,,,,,,,,,,,,,,https://cdn.shopify.com/s/files/1/0946/4214/3527/files/66bc48469ddf1039ea8a3876_64.jpg?v=1755626103,4,"",,,,,,,,,,,,,,,,,,,,,,,,,,,,,,,,,,,,,,
geo-cube,Geo Cube,"<p><span>The GeoCube Console epitomizes minimalist elegance with its simple geometric design and practical storage capabilities. Crafted from warm beige textured concrete, it blends seamlessly into any modern interior. This console combines form and function effortlessly, offering ample storage space while maintaining a clean and refined appearance. The geometric lines add a touch of contemporary sophistication, making the GeoCube Console an ideal choice for those seeking both style and practicality in their living spaces.</span></p>",leidenschaft.in,Furniture > Tables > Accent Tables > Sofa Tables,Tables,"Essentials, Storage Unit",true,Title,Default Title,,,,,,,,LD-CC-008,35000.0,shopify,100,deny,manual,37500.00,,true,true,,,,,"",https://cdn.shopify.com/s/files/1/0946/4214/3527/files/66bc71493108cd861f72cbc6_151.jpg?v=1755626021,1,"",false,,,,,,,,,,,,,,"H  | 12 IN,  W | 21 IN,  L   | 57 IN",Concrete Finish,Engineered Concrete | Glass | Engineered Wood ,,,,,,,,,,,,,,,,,,kg,,,active
geo-cube,,,,,,,,,,,,,,,,,,,,,,,,,,,,,,,,https://cdn.shopify.com/s/files/1/0946/4214/3527/files/66bc7150125e5e47be9f0244_152.jpg?v=1755626021,2,"",,,,,,,,,,,,,,,,,,,,,,,,,,,,,,,,,,,,,,
geo-cube,,,,,,,,,,,,,,,,,,,,,,,,,,,,,,,,https://cdn.shopify.com/s/files/1/0946/4214/3527/files/66bc71513e6d8ecb9f25a047_153.jpg?v=1755626021,3,"",,,,,,,,,,,,,,,,,,,,,,,,,,,,,,,,,,,,,,
geo-cube,,,,,,,,,,,,,,,,,,,,,,,,,,,,,,,,https://cdn.shopify.com/s/files/1/0946/4214/3527/files/66bc71514e5de893d15c0f0c_154.jpg?v=1755626021,4,"",,,,,,,,,,,,,,,,,,,,,,,,,,,,,,,,,,,,,,
papilio,Papilio,"<p><span>Inspired by the playful nature of bubble paper, the Papilio Table Light features a unique folded paper-like shape that adds whimsy and charm to any room. This design captures the lightness and movement of bubbles, creating a captivating and dynamic visual effect. Perfect for adding a touch of creativity and fun to your space, the Papilio Table Light combines functionality with artistic expression, making it a standout piece in modern decor.</span></p>",leidenschaft.in,Home & Garden > Lighting > Lamps > Table Lamps,Light,"Essentials, Light",true,Title,Default Title,,,,,,,,LD-LT-013,2900.0,shopify,98,deny,manual,18500.00,,true,true,,,,,"",https://cdn.shopify.com/s/files/1/0946/4214/3527/files/66bc792d5a4acb8b32db957e_181.jpg?v=1755625940,1,"",false,,,,,,,,,,,,,,H: 11 in | L: 16 in | W: 16 in,Concrete Finish,HDHMR,,,,,white,,,,,,,,,,,,,kg,,,active
papilio,,,,,,,,,,,,,,,,,,,,,,,,,,,,,,,,https://cdn.shopify.com/s/files/1/0946/4214/3527/files/66bc793222b1b6704bd74c73_182.jpg?v=1755625940,2,"",,,,,,,,,,,,,,,,,,,,,,,,,,,,,,,,,,,,,,
papilio,,,,,,,,,,,,,,,,,,,,,,,,,,,,,,,,https://cdn.shopify.com/s/files/1/0946/4214/3527/files/66bc79333513579348b93816_183.jpg?v=1755625941,3,"",,,,,,,,,,,,,,,,,,,,,,,,,,,,,,,,,,,,,,
floating-rock,Floating Rock,"<p><span>Crafted using polymerized concrete, the table light features a ""floating"" rock encased in a ring of light, creating a mesmerizing visual effect that brings a serene ambiance to any room. The juxtaposition of the solid rock and the ethereal light ring evokes a sense of balance and harmony, making it a perfect addition to contemporary interiors. This unique design not only illuminates but also serves as a statement piece, adding sophistication and tranquility to your space.</span></p>",leidenschaft.in,Home & Garden > Lighting > Lamps > Table Lamps,Light,"Essentials, Light",true,Title,Default Title,,,,,,,,LD-AW-014,5000.0,shopify,100,deny,manual,22500.00,,true,true,,,,,"",https://cdn.shopify.com/s/files/1/0946/4214/3527/files/66bc7c091d4e523ce8ce076c_191.jpg?v=1755625879,1,"",false,,,,,,,,,,,,,,"D | 15.5 IN,  H | 17 IN",Engineered Concrete Finish,Engineered Concrete | Engineered Wood | Metal ,,,,,black,,,,,,,,,,,,,kg,,,active
floating-rock,,,,,,,,,,,,,,,,,,,,,,,,,,,,,,,,https://cdn.shopify.com/s/files/1/0946/4214/3527/files/66bc7c1013571ce747bba6b1_192.jpg?v=1755625879,2,"",,,,,,,,,,,,,,,,,,,,,,,,,,,,,,,,,,,,,,
floating-rock,,,,,,,,,,,,,,,,,,,,,,,,,,,,,,,,https://cdn.shopify.com/s/files/1/0946/4214/3527/files/66bc7c1013571ce747bba6a1_193.jpg?v=1755625879,3,"",,,,,,,,,,,,,,,,,,,,,,,,,,,,,,,,,,,,,,
zenith,Zenith,"<p><span>The Zenith Glass Table combines the elegance of a clear glass tabletop with the robust presence of a simple concrete pillar base. Its asymmetric composition creates a dynamic and modern aesthetic, effortlessly blending form and function. The contrast between the delicate glass and the sturdy concrete adds visual interest, making it a standout piece in any contemporary interior.</span></p>",leidenschaft.in,Furniture > Tables > Accent Tables > End Tables,Tables,"Essentials, Tables",true,Title,Default Title,,,,,,,,LD-ST-015,18800.0,shopify,100,deny,manual,22000.00,,true,true,,,,,"",https://cdn.shopify.com/s/files/1/0946/4214/3527/files/66bc7e4d945d2469bcfb8e76_201.jpg?v=1755625806,1,"",false,,,,,,,,,,,,,,H: 22 in | Dia: 20 in,Concrete Finish,Engineered Concrete | Glass | Engineered Wood,,,,,,,,,,,,,,,,,,kg,,,active
zenith,,,,,,,,,,,,,,,,,,,,,,,,,,,,,,,,https://cdn.shopify.com/s/files/1/0946/4214/3527/files/66bc7e5343184f88628dcf0d_202.jpg?v=1755625806,2,"",,,,,,,,,,,,,,,,,,,,,,,,,,,,,,,,,,,,,,
zenith,,,,,,,,,,,,,,,,,,,,,,,,,,,,,,,,https://cdn.shopify.com/s/files/1/0946/4214/3527/files/66bc7e53c985e3891064ff9a_203.jpg?v=1755625805,3,"",,,,,,,,,,,,,,,,,,,,,,,,,,,,,,,,,,,,,,
pollylune,Pollylune,"<p><span>It is a captivating blend of form and function, designed to illuminate your space with a sense of organic beauty and warmth. Inspired by the natural variations in landscape and flora, this light features multiple light sources at varying heights, creating a dynamic visual effect. Each light source emits a warm, inviting glow, enhancing the ambiance of any room. Perfect for adding depth and interest to your decor, Rise combines sculptural design with practical illumination, making it a standout piece in both modern and organic-inspired interiors.</span></p>",leidenschaft.in,Home & Garden > Lighting > Lamps > Table Lamps,Light,"Essentials, Light",true,Title,Default Title,,,,,,,,LD-LT-012,0.0,shopify,100,deny,manual,62000.00,,true,true,,,,,"",https://cdn.shopify.com/s/files/1/0946/4214/3527/files/66bc80014fc088c679e7a46d_211.jpg?v=1755625745,1,"",false,,,,,,,,,,,,,,"D | 24 IN,  H | 64 IN ",Engineered Concrete Finish,Engineered Concrete | Engineered Wood | Metal ,,,,,,,,,,,,,,,,,,kg,,,active
wall-panels-n1,Wall Panels N1,"<p><span>The Dimension Wall Panels are a stunning addition to any interior, featuring a series of textured geometric shapes artfully overlaid on top of each other. These panelscreate a dynamic, three-dimensional effect, adding depth and visual interest to your walls. Crafted with meticulous attention to detail, the textured surfaces capture light and shadow, enhancing the architectural beauty of any space.</span></p>",leidenschaft.in,Hardware > Building Materials > Wall Paneling,Artworks,"Artworks, Essentials",true,Title,Default Title,,,,,,,,LD-AW-022,27550.0,shopify,100,deny,manual,37500.00,,true,true,,,,,"",https://cdn.shopify.com/s/files/1/0946/4214/3527/files/66bc81c73899388c3873be8a_221.jpg?v=1755625669,1,"",false,,"The Dimension Wall Panels are a stunning addition to any interior, featuring a series of textured geometric shapes artfully overlaid on top of each other. These panels create a dynamic, three-dimensional effect, adding depth and visual interest to your walls. Crafted with meticulous attention to detail, the textured surfaces capture light and shadow, enhancing the architectural beauty of any space. 

Available as a set of three pieces.",,,,,,,,,,,,H: 25.6 in | W: 19 in | D: 2 in ,Concrete Finish,Engineered Concrete | Engineered Wood ,,,,,geometric,,,,,,,,,,,,,kg,,,active
mono,Mono,"<p><span>The MonoTable is a testament to the ""less is more"" philosophy, featuring a singular geometric leg that defines its minimalist design. Crafted from concrete with an aggregate texture, this piece exudes an industrial charm while maintaining an elegant simplicity. Whether used as a dining table or conference desk, the MonoTable transforms any space with its understated form and robust presence. Its clean lines and industrial texture create a harmonious blend of functionality and style, making it a standout addition to modern interiors.</span></p>",leidenschaft.in,Furniture > Tables > Kitchen & Dining Room Tables,Tables,"Essentials, Tables",true,Title,Default Title,,,,,,,,LD-TT-003,30000.0,shopify,100,deny,manual,87000.00,,true,true,,,,,"",https://cdn.shopify.com/s/files/1/0946/4214/3527/files/66bc4b482bc25d901868d0dc_71.jpg?v=1755625601,1,"",false,,,,,,,,,,,,,,"H  | 15 IN,  W | 41.5 IN",Concrete Finish,Engineered Concrete | Engineered Wood ,,,,,,,,,,,,,,,,,,kg,,,active
mono,,,,,,,,,,,,,,,,,,,,,,,,,,,,,,,,https://cdn.shopify.com/s/files/1/0946/4214/3527/files/66bc4b4d2df401158098044e_72.jpg?v=1755625601,2,"",,,,,,,,,,,,,,,,,,,,,,,,,,,,,,,,,,,,,,
mono,,,,,,,,,,,,,,,,,,,,,,,,,,,,,,,,https://cdn.shopify.com/s/files/1/0946/4214/3527/files/66bc4b4dcad802da7c411f4c_73.jpg?v=1755625601,3,"",,,,,,,,,,,,,,,,,,,,,,,,,,,,,,,,,,,,,,
arcane-coffee-table,Arcane Coffee Table,"<p><span>The Arcane Coffee Table features an elegant oval-shaped terrazzo top adorned with a brass inlay inspired by archaic symbolism. This combination of modern design and ancient motifs creates a striking visual contrast, adding a sense of history and cultural depth to your living space. Crafted with meticulous attention to detail, the Arcane Oval Coffee Table not only serves as a functional piece but also as a conversation starter. Its terrazzo top offers a mosaic of textures and colors, complemented by the intricate brass inlay, making it a focal point of sophistication and timeless beauty.</span></p>",leidenschaft.in,Furniture > Tables > Accent Tables > Coffee Tables,Tables,"Essentials, Tables",true,Title,Default Title,,,,,,,,LD-TT-007,46000.0,shopify,100,deny,manual,65000.00,,true,true,,,,,"",https://cdn.shopify.com/s/files/1/0946/4214/3527/files/66bc74a20d30f364d516c337_161.jpg?v=1755612710,1,"",false,,,,,,,,,,,,,," L  | 60 IN,  H | 22 IN,  W| 30 IN",Concrete Finish,Engineered Concrete | Engineered Wood | Metal | Brass Inlay,,,,,,,,,,,,,,,,,,kg,,,active
arcane-coffee-table,,,,,,,,,,,,,,,,,,,,,,,,,,,,,,,,https://cdn.shopify.com/s/files/1/0946/4214/3527/files/66bc74a87e3fb454f420db11_162.jpg?v=1755612711,2,"",,,,,,,,,,,,,,,,,,,,,,,,,,,,,,,,,,,,,,
arcane-coffee-table,,,,,,,,,,,,,,,,,,,,,,,,,,,,,,,,https://cdn.shopify.com/s/files/1/0946/4214/3527/files/66bc74a816d6050d2e20127f_163.jpg?v=1755612710,3,"",,,,,,,,,,,,,,,,,,,,,,,,,,,,,,,,,,,,,,
arcane-coffee-table,,,,,,,,,,,,,,,,,,,,,,,,,,,,,,,,https://cdn.shopify.com/s/files/1/0946/4214/3527/files/66bc74a87f52e3519879d090_164.jpg?v=1755612711,4,"",,,,,,,,,,,,,,,,,,,,,,,,,,,,,,,,,,,,,,
pearl-nest-light,Pearl Nest Light,"<p><span>The Light is a captivating blend of organic design and modern functionality. Featuring three sculpted bowls with lights at varying heights, this ceiling fixture embodies the wabi-sabi philosophy of beauty in imperfection. Crafted from beige textured concrete, the lights offer a serene and natural aesthetic. The varied heights create a dynamic, cascading effect, adding depth and visual interest to any room.</span></p>",leidenschaft.in,Home & Garden > Lighting > Lighting Fixtures > Ceiling Light Fixtures,Light,"Essentials, Light",true,Title,Default Title,,,,,,,,LD-LT-011,7000.0,shopify,100,deny,manual,45000.00,,true,true,,,,,"",https://cdn.shopify.com/s/files/1/0946/4214/3527/files/157.jpg?v=1757230463,1,"",false,,,,,,,,,,,,,,H: 59 in | Dia: 12 in,Engineered Concrete Finish,Engineered Concrete | Engineered Wood | Metal ,,,,,beige,,,,,,,ceiling,,,,,,kg,,,active
pearl-nest-light,,,,,,,,,,,,,,,,,,,,,,,,,,,,,,,,https://cdn.shopify.com/s/files/1/0946/4214/3527/files/158.jpg?v=1757230463,2,"",,,,,,,,,,,,,,,,,,,,,,,,,,,,,,,,,,,,,,
pearl-nest-light,,,,,,,,,,,,,,,,,,,,,,,,,,,,,,,,https://cdn.shopify.com/s/files/1/0946/4214/3527/files/159.jpg?v=1757230463,3,"",,,,,,,,,,,,,,,,,,,,,,,,,,,,,,,,,,,,,,
pearl-nest-light,,,,,,,,,,,,,,,,,,,,,,,,,,,,,,,,https://cdn.shopify.com/s/files/1/0946/4214/3527/files/160.jpg?v=1757230463,4,"",,,,,,,,,,,,,,,,,,,,,,,,,,,,,,,,,,,,,,
pearl-nest-light,,,,,,,,,,,,,,,,,,,,,,,,,,,,,,,,https://cdn.shopify.com/s/files/1/0946/4214/3527/files/161.jpg?v=1757230463,5,"",,,,,,,,,,,,,,,,,,,,,,,,,,,,,,,,,,,,,,
drift,Drift,"<p><span>Drift is a simple yet striking side table, inspired by the fluid movement of melting prints. The design creates a sense of dynamic motion, adding an artistic touch to your home. These small side tables, with their unique print and compact form, effortlessly blend functionality with artistic value, making them a perfect addition to any space. MeltTable transforms everyday furniture into captivating art, bringing a sense of flow and creativity to your decor.</span></p>",leidenschaft.in,Furniture > Tables > Accent Tables > End Tables,Tables,"Essentials, Tables",true,Size,S,,,,,,,,LD-SE-016,14000.0,shopify,100,deny,manual,26500.00,,true,true,,,,,"",https://cdn.shopify.com/s/files/1/0946/4214/3527/files/66bc55f3bc25ee491f79874e_91.jpg?v=1755612577,1,"",false,,,,,,,,,,,,,,"H | 21 IN, D |20 IN ",Concrete Finish,Engineered Concrete | Engineered Wood,,,,,,,,,,,,,,,,,,kg,,,active
drift,,,,,,,,,L,,,,,,,,LD-SE-017,20000.0,shopify,100,deny,manual,28500.00,,true,true,,,,,"",https://cdn.shopify.com/s/files/1/0946/4214/3527/files/66bc55fa70d357c2eb32ac43_92.jpg?v=1755612577,2,"",,,,,,,,,,,,,,,,,,,,,,,,,,,,,,,,,,,kg,,,
domino-side-tables,Domino Side Tables,"<p><span>Crafted from pure cast terrazzo, the side tables feature a playful curved shape with contrasting inlays. These side tables combine modern aesthetics with traditional craftsmanship, showcasing a smooth and durable terrazzo surface adorned with intricate inlay patterns. The contrast inlays add a touch of visual interest and sophistication, making each table a unique piece of functional art. Perfect for adding personality to any space, the Domino Side Tables blend elegance with playful curves, creating a dynamic focal point in your home</span></p>",leidenschaft.in,Furniture > Tables > Accent Tables > End Tables,Tables,"Essentials, Tables",true,Title,Default Title,,,,,,,,LD-ST-020,22900.0,shopify,100,deny,manual,42000.00,,true,true,,,,,"",https://cdn.shopify.com/s/files/1/0946/4214/3527/files/66bc779a97f856f991435e6d_171.jpg?v=1755612506,1,"",false,,,,,,,,,,,,,,L: 23 in | H: 21 in | W: 17 IN,Concrete Finish,Engineered Concrete | Engineered Wood | Metal ,,,,,,,,,,,,,,,,,,kg,,,active
domino-side-tables,,,,,,,,,,,,,,,,,,,,,,,,,,,,,,,,https://cdn.shopify.com/s/files/1/0946/4214/3527/files/66bc77a74f7e9332a655ef94_172.jpg?v=1755612506,2,"",,,,,,,,,,,,,,,,,,,,,,,,,,,,,,,,,,,,,,
domino-side-tables,,,,,,,,,,,,,,,,,,,,,,,,,,,,,,,,https://cdn.shopify.com/s/files/1/0946/4214/3527/files/66bc77a85a428486c58609b6_173.jpg?v=1755612506,3,"",,,,,,,,,,,,,,,,,,,,,,,,,,,,,,,,,,,,,,
domino-side-tables,,,,,,,,,,,,,,,,,,,,,,,,,,,,,,,,https://cdn.shopify.com/s/files/1/0946/4214/3527/files/66bc77a80ee07401d2d5452f_174.jpg?v=1755612506,4,"",,,,,,,,,,,,,,,,,,,,,,,,,,,,,,,,,,,,,,
dimension-wall-panels-n2,Dimension Wall Panels N2,"<p><span>The Dimension Wall Panels are a stunning addition to any interior, featuring a series of textured geometric shapes artfully overlaid on top of each other. These panels create a dynamic, three-dimensional effect, adding depth and visual interest to your walls. Crafted with meticulous attention to detail, the textured surfaces capture light and shadow, enhancing the architectural beauty of any space.</span></p>",leidenschaft.in,Hardware > Building Materials > Wall Paneling,Artworks,"Artworks, Essentials",true,Size,S,,,,,,,,LD-AW-024,5000.0,shopify,100,deny,manual,38000.00,,true,true,,,,,"",https://cdn.shopify.com/s/files/1/0946/4214/3527/files/66c5b73633c94b98dfc12d81_353.jpg?v=1755612199,1,"",false,,,,,,,,,,,,,,H: 36 in |  W: 24 in | D: 1 in  ,Engineered Concrete Finish,Engineered Concrete | Engineered Wood ,,,,,,,,,,,,,,,,,,kg,,,active
dimension-wall-panels-n2,,,,,,,,,L,,,,,,,,LD-AW-023,7000.0,shopify,100,deny,manual,42000.00,,true,true,,,,,"",,,,,,,,,,,,,,,,,,,,,,,,,,,,,,,,,,,,,,kg,,,
